10781,130,3,0,no matter,0,3000,0,0,0,2,0,Now,0,0,0,0,0,0
12685,5,2,0,no matter,0,1950,0,0,0,1,0,Now,0,0,1,0,0,0
10115,60,3,0,no matter,0,3000,0,0,0,2,0,Now,0,0,1,1,0,0
10707,50,2,0,no matter,0,2100,0,0,0,1,1,Now,0,0,0,0,0,0
12435,37,1,0,no matter,0,1800,0,0,0,1,0,Now,0,0,0,0,0,0
13187,0,0,0,no matter,0,1800,0,0,0,2,0,Now,0,0,0,0,0,0
10555,20,1,0,no matter,0,1800,0,0,0,1,0,Now,1,1,0,0,0,0
10777,60,3,0,no matter,0,3000,0,0,0,2,0,Now,0,0,1,1,1,1
13629,50,2,0,1,0,2400,0,0,0,1,0,Juli,1,1,0,0,0,0
10117,40,1,0,no matter,0,1800,0,0,0,1,0,Now,1,1,0,0,0,0
12687,0,0,0,no matter,0,1800,0,0,0,3,0,Now,0,0,0,0,0,0
10963,30,1,0,no matter,0,1800,0,0,0,2,0,Now,0,0,0,0,0,0
10119,60,2,0,no matter,0,2550,0,0,0,2,0,Juli,0,0,0,0,0,0
10409,45,1,0,top,0,1800,0,0,0,1,0,Juni,1,0,0,0,0,0
10999,40,1,0,no matter,0,1800,0,0,0,1,0,Juli,0,0,0,0,0,0
13403,50,2,0,no matter,0,2250,0,0,0,2,0,Now,0,0,1,0,1,1
10715,80,3,0,no matter,0,3900,0,0,0,2,0,Now,0,0,0,0,0,0
10439,90,3,0,no matter,0,3000,0,0,0,2,0,Now,0,0,0,0,0,0
10247,15,1,0,no matter,0,1350,0,0,0,1,0,Juli,0,0,0,0,0,0
10715,45,2,0,no matter,0,2400,0,0,0,1,0,Now,0,0,0,0,0,0
12051,80,2,0,1,0,2700,0,0,0,1,0,Now,1,1,0,0,0,0
10777,50,2,0,no matter,0,2400,0,0,0,1,0,Juli,0,0,1,0,1,0
12524,80,3,0,top,0,2700,0,0,0,2,0,Juli,0,0,0,0,0,0
13355,40,1,0,no matter,0,1800,0,0,0,1,0,Juni,0,0,1,0,0,1
10435,90,3,0,no matter,0,3000,0,0,0,2,0,Now,0,0,0,0,0,0
13439,20,1,0,no matter,0,1800,0,0,0,1,0,Now,1,0,0,0,1,0
10245,60,2,0,no matter,0,2400,0,0,0,2,0,Juni,1,1,1,0,0,0
12047,60,2,0,no matter,0,2400,0,0,0,2,0,Now,0,0,0,0,0,0
10315,70,3,0,no matter,0,3000,0,0,0,3,0,Now,0,0,0,0,0,0
12163,80,3,0,top,0,3000,0,0,0,1,0,Now,0,0,0,0,0,0
10117,0,0,0,no matter,0,1800,0,0,0,2,0,Now,0,0,1,1,0,0
12157,50,1,0,1,0,1650,0,0,0,1,0,Now,0,0,0,0,0,0
12623,80,2,0,1,0,3000,0,0,0,2,0,Juli,1,1,0,0,0,0
10783,40,2,0,no matter,0,2400,0,0,0,1,0,Mai,0,0,0,0,0,0
10829,90,3,0,no matter,0,3000,0,0,0,3,0,Now,0,0,0,0,0,0
13353,60,2,0,no matter,0,2400,0,0,0,2,1,Now,0,0,0,0,0,0
10115,20,1,0,no matter,0,1800,0,0,0,1,0,Now,0,0,0,0,0,0
12627,75,3,0,no matter,0,3000,0,0,0,2,0,Now,0,0,1,0,0,0
10555,60,2,0,no matter,0,2400,0,0,0,1,0,Now,0,0,0,0,0,0
12357,50,2,0,0,0,2100,0,0,0,2,1,Juni,1,1,0,0,0,0
10969,100,4,0,no matter,0,3600,0,0,0,3,0,Now,0,0,1,0,0,1
13187,70,2,0,no matter,0,2400,0,0,0,2,0,Now,1,0,0,1,0,0
10243,60,2,0,5,0,2400,0,0,0,1,0,August,1,1,0,0,0,0
12277,20,1,0,no matter,0,1350,0,0,0,1,1,Juni,0,0,0,0,0,0
13409,90,3,0,no matter,0,3000,0,0,0,3,0,Juli,0,0,0,0,0,0
10115,30,1,0,no matter,0,2100,0,0,0,1,0,Juli,0,0,0,0,0,0
10365,50,1,0,no matter,0,1500,0,0,0,1,0,Now,0,0,0,0,0,0
10245,60,2,0,no matter,0,1950,0,0,0,1,0,Now,0,0,0,0,0,0
12435,70,3,0,no matter,0,3900,0,0,0,2,0,Now,0,0,0,0,0,0
10967,40,1,0,no matter,0,1800,0,0,0,1,0,Juli,0,0,0,0,0,0
10115,20,1,0,no matter,0,1800,0,0,0,1,0,Now,0,0,0,0,0,0
13409,0,0,0,no matter,0,1800,0,0,0,2,0,Now,0,0,0,0,0,0
10437,100,4,0,no matter,0,3600,0,0,0,3,0,Now,0,0,0,0,1,0
10245,60,2,0,no matter,0,2400,0,0,0,2,0,Juni,1,1,1,0,0,1
12059,50,1,0,no matter,0,1800,0,0,0,2,0,Now,0,0,0,0,0,0
12099,2,1,0,no matter,0,1800,0,0,0,2,0,Now,1,1,0,0,0,0
10707,70,3,0,no matter,0,3000,0,0,0,1,0,September,0,0,0,0,0,0
10178,40,2,0,no matter,0,2400,0,0,0,1,2,Now,0,0,1,0,1,1
12247,42,1,0,1,0,1800,0,0,0,1,0,Now,0,0,0,0,0,0
10435,70,2,0,no matter,0,2400,0,0,0,2,0,Now,0,0,0,0,0,0
12043,60,2,0,no matter,0,3900,0,0,0,2,0,Now,0,0,0,0,1,0
12355,40,1,0,1,0,1800,0,0,0,1,0,Juni,1,1,0,0,0,0
13355,0,0,0,no matter,0,1800,0,0,0,1,0,Now,0,0,0,0,0,0
10117,60,2,0,no matter,0,2400,0,0,0,1,0,Now,0,0,0,0,0,0
13051,15,1,0,no matter,0,1800,0,0,0,2,0,Mai,0,0,1,0,0,0
13353,70,3,0,top,0,2250,0,0,0,2,0,August,1,1,1,0,0,0
10437,85,3,0,no matter,0,3000,0,0,0,2,0,Now,0,0,0,0,0,0
10117,40,2,0,no matter,0,2400,0,0,0,2,0,Now,0,0,0,0,0,0
13599,0,0,0,no matter,0,1800,0,0,0,1,0,Now,0,0,0,0,0,0
10115,50,2,0,no matter,0,2400,0,0,0,1,1,Now,0,0,1,0,1,1
12043,45,2,0,no matter,0,2400,0,0,0,1,0,August,0,0,0,0,0,0
12099,30,1,0,no matter,0,1500,0,0,0,2,0,Now,0,0,0,0,0,0
12047,100,4,0,no matter,0,3600,0,0,0,1,0,Now,0,0,0,0,0,0
13086,100,5,0,no matter,0,4200,0,0,0,2,0,Now,0,0,0,0,0,0
13403,70,2,0,1,0,2460,0,0,0,2,0,Mai,0,0,0,0,0,0
10119,35,1,0,no matter,0,1800,0,0,0,1,0,Juni,0,0,0,0,0,0
13581,50,2,0,no matter,0,3600,0,0,0,3,1,August,0,0,0,0,0,0
13055,70,3,0,no matter,0,2100,0,0,0,1,0,Now,0,0,0,0,0,0
10243,50,2,0,no matter,0,2400,0,0,0,1,0,Juni,0,0,0,0,0,0
12437,90,3,0,no matter,0,3000,0,0,0,2,1,Now,1,1,1,0,0,0
12047,60,2,0,no matter,0,2400,0,0,0,2,0,Now,0,0,1,0,1,0
10315,30,2,0,no matter,0,1800,0,0,0,1,0,Now,0,0,1,0,0,0
12045,60,2,0,no matter,0,2400,0,0,0,1,0,Now,1,1,0,0,0,0
12159,70,2,0,no matter,0,1440,0,0,0,2,0,August,1,1,0,0,0,0
13353,15,1,0,no matter,0,1800,0,0,0,1,0,Now,0,0,0,0,0,0
12459,75,3,0,no matter,0,3000,0,0,0,1,1,Now,0,0,0,0,0,0
10405,65,2,0,no matter,0,3600,0,0,0,2,1,Now,0,0,0,0,0,0
10178,40,2,0,no matter,0,1650,0,0,0,2,0,Now,0,1,0,0,0,0
10967,60,2,0,4,0,3000,0,0,0,2,0,August,1,1,0,0,0,0
10119,120,4,0,no matter,0,6900,0,0,0,1,0,Now,0,0,1,1,1,0
10557,43,1,0,4,0,1680,0,0,0,1,0,Juni,1,0,0,0,0,0
14052,80,3,0,no matter,0,3000,0,0,0,2,0,Now,0,0,1,1,1,0
12555,87,3,0,1,0,3750,0,0,0,3,0,August,1,1,0,0,0,0
10119,50,2,0,no matter,0,2400,0,0,0,1,1,Juni,1,1,0,0,0,0
12347,80,3,0,1,0,2760,0,0,0,1,0,Mai,0,0,0,0,0,0
12347,75,3,0,1,0,2700,0,0,0,3,0,Now,0,1,0,0,0,0
10999,49,2,0,no matter,0,2400,0,0,0,1,0,Now,0,0,0,0,0,0
14167,50,3,0,no matter,0,3000,0,0,0,2,0,Juni,0,0,1,0,0,0
10247,55,2,0,4,0,2400,0,0,0,1,0,Now,0,0,1,0,0,0
12435,60,3,0,no matter,0,3000,0,0,0,2,0,Now,0,0,0,0,0,0
13407,60,2,0,no matter,0,2400,0,0,0,1,0,Now,1,1,0,0,0,0
12051,35,1,0,no matter,0,1800,0,0,0,1,0,Juni,1,0,0,0,0,0
10117,65,2,0,1,0,3450,0,0,0,3,0,Now,1,1,0,1,0,0
10115,40,2,0,no matter,0,2400,0,0,0,1,1,Juni,0,0,0,0,0,0
10317,5,2,0,no matter,0,2400,0,0,0,1,0,Juli,1,1,0,0,0,0
14089,0,0,0,no matter,0,1800,0,0,0,1,0,Now,0,0,0,0,0,0
12099,38,1,0,no matter,0,1350,0,0,0,2,0,Now,0,0,0,0,0,0
14089,0,0,0,no matter,0,1800,0,0,0,1,0,Now,0,0,0,0,0,0
12209,60,2,0,no matter,0,2100,0,0,0,1,0,Now,0,0,1,0,0,1
12359,85,4,0,no matter,0,3300,0,0,0,1,0,Now,0,0,0,0,0,0
10439,20,2,0,no matter,0,2400,0,0,0,3,0,Now,0,0,0,0,0,0
10999,40,1,0,top,0,1800,0,0,0,1,0,Juni,0,1,0,0,0,0
12247,25,1,0,no matter,0,1800,0,0,0,1,0,Oktober,0,0,0,0,0,0
10247,60,2,0,no matter,0,2400,0,0,0,1,1,Now,0,0,0,0,0,0
10629,0,0,0,no matter,0,1800,0,0,0,1,0,Now,0,0,1,0,0,0
13055,50,2,0,no matter,0,1950,0,0,0,3,0,Juni,0,0,0,0,0,0
12459,30,1,0,no matter,0,1500,0,0,0,1,0,Now,0,0,0,0,0,0
12305,80,3,0,no matter,0,3000,0,0,0,3,0,Now,0,0,0,0,0,0
13629,75,3,0,no matter,0,3000,0,0,0,2,0,Now,0,0,0,0,0,0
14199,62,2,0,no matter,0,2400,0,0,0,3,0,Now,0,0,0,0,0,0
10115,40,1,0,no matter,0,1980,0,0,0,1,0,Juni,0,0,0,0,0,0
13357,100,3,0,no matter,0,3000,0,0,0,2,1,Now,0,0,0,0,0,0
13187,67,3,0,no matter,0,2550,0,0,0,2,0,Now,0,0,0,0,1,0
12587,0,0,0,no matter,0,1800,0,0,0,3,0,August,0,0,0,0,1,0
12437,0,0,0,no matter,0,1800,0,0,0,3,0,August,0,0,0,0,0,0
13591,45,1,0,no matter,0,1800,0,0,0,1,0,Mai,0,0,0,0,0,0
10245,50,1,0,no matter,0,1800,0,0,0,1,0,Juni,1,1,0,0,0,0
10245,50,2,0,no matter,0,2400,0,0,0,1,0,Now,0,0,0,0,0,0
13409,100,9,0,0,0,6600,0,0,0,2,0,Now,0,1,0,0,0,0
13156,100,9,0,1,0,6600,0,0,0,2,0,Now,1,1,0,0,0,0
14050,50,2,0,0,0,1950,0,0,0,3,0,Now,1,1,1,0,0,1
14052,60,2,0,no matter,0,3600,0,0,0,1,0,Mai,1,1,0,0,0,0
13403,40,1,0,1,0,1800,0,0,0,1,0,Now,1,1,1,0,0,1
10825,50,2,0,no matter,0,2100,0,0,0,1,0,Now,0,0,1,0,0,1
10997,50,2,0,no matter,0,2100,0,0,0,1,0,Juli,0,0,0,0,0,0
10555,30,1,0,no matter,0,1800,0,0,0,1,0,Now,0,0,0,0,0,0
13465,75,2,0,no matter,0,2400,0,0,0,2,0,Now,0,0,0,0,0,0
12047,30,1,0,no matter,0,1800,0,0,0,1,0,Juni,0,0,1,0,0,0
12459,60,3,0,0,0,3000,0,0,0,3,0,August,1,1,1,0,0,1
10589,120,4,0,no matter,0,3600,0,0,0,1,0,August,1,1,1,1,1,0
12103,70,3,0,2,0,2100,0,0,0,1,0,Now,1,1,0,1,0,0
12439,11,1,0,no matter,0,1800,0,0,0,1,0,September,1,1,0,0,1,0
10965,30,1,0,no matter,0,1800,0,0,0,1,0,Now,0,0,0,0,0,0
10319,90,3,0,no matter,0,4800,0,0,0,1,0,Now,1,1,0,0,0,0
13347,30,1,0,no matter,0,1800,0,0,0,2,0,Now,0,0,0,0,0,0
12159,0,0,0,no matter,0,1800,0,0,0,1,0,Now,0,0,0,0,0,0
10997,60,2,0,no matter,0,2400,0,0,0,1,0,Now,0,0,0,0,0,0
13435,28,1,0,no matter,0,1800,0,0,0,1,0,Now,0,0,0,0,0,0
10115,30,1,0,no matter,0,1800,0,0,0,1,0,Now,0,0,0,0,0,0
10585,100,4,0,no matter,0,3600,0,0,0,1,0,Now,0,0,0,0,0,0
10409,50,2,0,no matter,0,2400,0,0,0,2,0,Mai,0,1,1,0,0,1
12101,55,2,0,no matter,0,2700,0,0,0,2,0,Now,0,0,0,0,0,0
10117,0,0,0,no matter,0,1800,0,0,0,2,0,Now,0,0,0,0,0,0
10627,130,4,0,no matter,0,3600,0,0,0,2,0,Oktober,0,0,0,0,1,0
13357,100,4,0,2,0,3600,0,0,0,1,0,Juni,1,1,1,0,0,0
12101,38,1,0,2,0,1050,0,0,0,1,0,Now,1,1,0,0,0,0
10115,70,3,0,no matter,0,4200,0,0,0,3,0,Now,0,0,0,0,0,0
10115,120,4,0,no matter,0,3600,0,0,0,2,0,Now,0,0,0,0,0,0
10437,60,2,0,no matter,0,2400,0,0,0,2,0,Now,0,0,0,0,0,0
10999,75,3,0,no matter,0,3000,0,0,0,1,0,Now,0,0,1,0,1,0
10247,38,1,0,no matter,0,1800,0,0,0,2,0,Juli,0,0,0,0,0,0
10405,300,0,0,no matter,0,1800,0,0,0,2,0,Now,0,0,0,0,0,0
13581,0,0,0,no matter,0,1800,0,0,0,2,0,Now,0,0,1,0,0,0
12349,50,2,0,no matter,0,2700,0,0,0,2,0,August,0,1,0,0,0,0
13357,55,2,0,no matter,0,2550,0,0,0,1,0,September,1,1,0,0,0,0
12043,30,1,0,no matter,0,1800,0,0,0,1,0,Now,0,0,0,0,0,0
13583,80,3,0,no matter,0,3000,0,0,0,2,0,Mai,1,1,0,0,0,0
10245,50,2,0,no matter,0,2400,0,0,0,1,0,Now,0,0,0,0,0,0
10781,110,5,0,no matter,0,6900,0,0,0,2,0,Now,0,0,0,0,0,0
12489,59,2,0,no matter,0,2610,0,0,0,2,0,Now,1,1,0,0,0,0
10707,75,3,0,top,0,3000,0,0,0,2,0,Now,0,0,1,1,1,0
13597,62,2,0,2,0,2400,0,0,0,2,0,Now,1,1,0,0,0,0
12059,1,1,0,no matter,0,1800,0,0,0,2,0,Mai,1,1,0,0,0,0
10999,40,1,0,no matter,0,1800,0,0,0,1,0,Juli,0,0,0,0,0,0
10553,40,1,0,no matter,0,1200,0,0,0,1,0,Now,1,1,0,0,0,0
10117,0,0,0,no matter,0,1800,0,0,0,2,0,Now,0,0,1,0,0,1
12557,70,3,0,0,0,3600,0,0,0,2,1,Juni,0,0,0,0,0,0
10115,10,1,0,no matter,0,1350,0,0,0,1,0,Juli,0,0,0,0,0,0
12203,100,4,0,no matter,0,3600,0,0,0,2,0,Now,0,0,0,0,0,0
13503,50,1,0,no matter,0,1800,0,0,0,1,0,Now,1,1,0,0,0,0
13589,30,1,0,no matter,0,1800,0,0,0,1,0,Now,0,0,0,0,0,0
10119,30,2,0,no matter,0,1950,0,0,0,1,0,August,0,0,0,0,0,0
10783,45,1,0,no matter,0,1800,0,0,0,1,0,Now,0,0,0,0,0,0
10997,100,5,0,5,0,7500,0,0,0,1,0,Now,1,1,0,0,0,0
13347,80,3,0,no matter,0,3000,0,0,0,2,0,Now,0,0,0,0,1,0
12169,17,1,0,no matter,0,1800,0,0,0,1,0,Juni,0,0,0,0,0,0
12349,50,2,0,no matter,0,1650,0,0,0,1,0,Now,1,1,0,0,0,0
12103,0,0,0,no matter,0,1260,0,0,0,1,1,Now,0,0,0,0,0,0
10997,40,1,0,no matter,0,1800,0,0,0,1,1,Now,1,1,0,0,0,0
10407,55,2,0,no matter,0,3300,0,0,0,2,0,Now,0,0,0,0,0,0
10115,40,1,0,no matter,0,2400,0,0,0,1,0,Now,0,0,0,0,0,0
10997,60,2,0,no matter,0,2400,0,0,0,1,0,Juni,0,1,0,0,0,0
12679,83.57,4,0,3,0,3600,0,0,0,1,0,Now,1,1,0,0,0,0
13593,70,3,0,top,0,3000,0,0,0,1,0,Now,0,0,0,0,0,0
10245,90,4,0,no matter,0,5400,0,0,0,2,0,Juni,0,0,1,0,0,0
13403,48,2,0,no matter,0,1950,0,0,0,1,0,Now,0,0,0,0,0,0
13086,60,2,0,no matter,0,2400,0,0,0,1,0,Now,0,0,0,0,0,0
10245,150,2,0,no matter,0,2400,0,0,0,1,0,Now,0,0,0,0,0,0
12621,80,3,0,no matter,0,2850,0,0,0,1,1,Now,0,0,0,0,0,0
10557,80,4,0,no matter,0,3600,0,0,0,3,1,Now,0,0,0,0,0,0
13505,0,0,0,no matter,0,1800,0,0,0,2,1,Juli,0,0,0,0,0,0
10551,80,3,0,no matter,0,3000,0,0,0,1,0,Now,0,0,1,1,1,0
12249,55,2,0,2,0,1440,0,0,0,1,0,Now,0,0,0,0,0,0
10318,60,2,0,no matter,0,2550,0,0,0,2,0,Now,1,1,0,0,0,0
12277,50,2,0,no matter,0,2700,0,0,0,2,2,Juni,1,1,0,0,0,0
12489,18,1,0,no matter,0,1290,0,0,0,1,0,Juli,1,1,0,0,0,0
12689,70,4,0,no matter,0,3600,0,0,0,2,0,Now,1,1,0,0,0,0
10829,45,2,0,no matter,0,2700,0,0,0,2,0,August,1,1,0,0,0,0
12351,0,1,0,no matter,0,1800,0,0,0,1,0,Mai,1,1,0,0,0,0
10999,65,3,0,no matter,0,3000,0,0,0,2,0,Now,0,0,1,0,0,0
10553,17,1,0,no matter,0,1800,0,0,0,1,0,Now,0,0,0,0,0,0
10435,0,3,0,no matter,0,3000,0,0,0,2,0,Now,0,0,0,0,0,0
13407,0,3,0,no matter,0,3000,0,0,0,2,0,Now,0,0,0,0,0,0
10551,65,2,0,no matter,0,2700,0,0,0,1,0,Juni,0,0,0,0,0,0
10115,65,3,0,no matter,0,3000,0,0,0,2,0,Now,0,0,1,0,0,1
14169,60,2,0,no matter,0,3000,0,0,0,2,0,Now,0,0,0,0,0,0
12099,0,0,0,no matter,0,1800,0,0,0,1,0,Now,0,0,0,0,0,0
10178,70,2,0,no matter,0,2400,0,0,0,1,0,Mai,1,1,1,0,0,0
14059,70,3,0,top,0,2250,0,0,0,2,0,Mai,1,1,0,0,0,0
14165,70,3,0,no matter,0,3000,0,0,0,3,0,Now,1,1,0,0,0,0
14059,70,3,0,no matter,0,3000,0,0,0,2,0,Mai,0,1,1,0,0,0
12347,50,2,0,2,0,1500,0,0,0,1,0,Now,1,1,0,0,0,0
13353,0,0,0,no matter,0,1800,0,0,0,1,0,Now,0,0,0,0,0,0
10405,75,2,0,no matter,0,2400,0,0,0,2,0,Now,0,0,0,0,0,0
14165,68,3,0,3,0,3000,0,0,0,1,3,Now,0,0,0,0,0,0
12209,80,3,0,no matter,0,3000,0,0,0,2,0,Now,0,0,0,0,0,0
13403,70,2,0,no matter,0,2400,0,0,0,2,0,Now,0,0,1,0,0,0
12357,60,2,0,no matter,0,1800,0,0,0,2,1,Now,1,1,0,0,0,0
13439,50,1,0,no matter,0,1800,0,0,0,1,0,Now,0,1,1,0,1,0
10961,70,3,0,no matter,0,2550,0,0,0,2,0,Now,1,1,0,0,0,0
12277,100,4,0,no matter,0,3600,0,0,0,2,0,Now,0,0,0,0,0,0
10249,40.1,1,0,0,0,2490,0,0,0,2,1,Now,1,1,1,0,0,0
10115,70,2,0,no matter,0,3300,0,0,0,2,0,Now,0,0,0,0,0,0
13357,25,1,0,no matter,0,1800,0,0,0,1,0,Now,0,0,0,0,0,0
10825,60,2,0,no matter,0,2400,0,0,0,1,1,Now,0,0,0,0,0,0
10245,50,2,0,no matter,0,2250,0,0,0,2,0,Juni,0,0,0,0,0,0
14057,45,2,0,no matter,0,2400,0,0,0,2,0,Juli,0,0,0,0,0,0
12247,30,1,0,no matter,0,1350,0,0,0,1,0,Mai,1,1,0,0,0,0
13599,0,0,0,no matter,0,1800,0,0,0,1,0,Now,0,0,0,0,0,0
13403,0,3,0,no matter,0,3600,0,0,0,2,0,Juni,0,0,0,0,0,0
13359,45,1,0,no matter,0,1800,0,0,0,1,0,Now,0,0,0,0,0,0
10969,40,1,0,no matter,0,1500,0,0,0,1,0,Juni,1,1,1,0,0,0
10829,45,2,0,top,0,2100,0,0,0,1,0,Now,1,1,0,0,0,0
10967,50,2,0,no matter,0,3000,0,0,0,1,0,Now,0,1,0,0,0,0
10559,75,2,0,no matter,0,3000,0,0,0,1,0,Mai,1,1,0,0,0,0
14197,45,2,0,no matter,0,2400,0,0,0,1,0,Now,0,0,0,0,0,0
10827,100,4,0,no matter,0,3600,0,0,0,3,0,Mai,0,0,0,0,0,0
12203,45,2,0,no matter,0,1950,0,0,0,1,0,Juni,0,0,0,0,0,0
12685,50,1,0,no matter,0,1650,0,0,0,1,0,September,0,0,0,0,0,0
13357,30,1,0,no matter,0,1800,0,0,0,1,0,Now,0,0,0,0,0,0
10115,45,2,0,no matter,0,2400,0,0,0,1,0,Now,0,0,0,0,0,0
14195,50,1,0,no matter,0,1800,0,0,0,1,0,Now,0,0,0,0,0,0
12305,55,2,0,no matter,0,2100,0,0,0,2,0,Mai,0,0,0,0,0,0
10315,35,1,0,no matter,0,1800,0,0,0,1,0,Now,0,0,1,1,0,0
13357,55,2,0,no matter,0,2400,0,0,0,3,0,Now,0,0,0,0,0,0
12049,50,2,0,no matter,0,2400,0,0,0,2,0,Now,1,1,0,0,0,0
10585,25,2,0,no matter,0,2400,0,0,0,1,0,Now,0,0,0,0,0,0
10585,25,2,0,no matter,0,2400,0,0,0,1,0,Now,0,1,0,0,1,0
10117,45,2,0,top,0,2400,0,0,0,1,1,Now,0,0,0,1,0,0
14052,50,2,0,no matter,0,2400,0,0,0,1,1,Now,1,1,0,0,0,0
12053,70,2,0,no matter,0,2400,0,0,0,1,0,Now,0,0,0,0,0,0
10777,50,2,0,no matter,0,1650,0,0,0,1,0,Now,0,0,1,0,0,0
13055,50,2,0,no matter,0,2400,0,0,0,1,0,Now,0,0,1,0,0,0
12047,60,2,0,no matter,0,2400,0,0,0,2,0,Now,0,0,0,0,0,0
10997,12,1,0,no matter,0,1800,0,0,0,1,0,Now,0,0,0,0,0,0
10439,40,2,0,top,0,1950,0,0,0,1,0,Juni,1,1,0,0,0,0
12679,80,3,0,no matter,0,3000,0,0,0,2,0,Now,0,0,0,0,0,0
10627,50,2,0,no matter,0,2400,0,0,0,2,0,Now,0,0,0,0,0,0
12051,50,2,0,no matter,0,1800,0,0,0,1,0,Now,0,0,0,0,0,0
12487,65,3,0,no matter,0,2400,0,0,0,2,0,Now,0,0,1,0,0,0
10825,100,4,0,no matter,0,3600,0,0,0,1,0,Now,0,0,0,0,0,0
12059,55,2,0,4,0,2400,0,0,0,1,0,Juni,0,0,0,0,0,0
10245,80,3,0,no matter,0,3000,0,0,0,1,0,Juli,1,1,0,0,0,0
12587,50,2,0,no matter,0,2400,0,0,0,2,0,Now,0,0,0,0,0,0
12435,80,4,0,no matter,0,3900,0,0,0,3,0,Now,0,0,0,0,0,0
10623,60,3,0,no matter,0,2550,0,0,0,1,0,Now,0,0,0,0,0,0
13055,30,1,0,no matter,0,1800,0,0,0,1,0,Now,0,0,0,0,0,0
13059,80,4,0,no matter,0,3600,0,0,0,3,0,Now,1,1,0,0,0,0
13359,70,2,0,0,0,2400,0,0,0,1,0,Now,0,1,0,0,0,0
10439,85,3,0,no matter,0,3000,0,0,0,1,0,Now,0,0,0,0,0,0
13059,60,3,0,no matter,0,2100,0,0,0,2,0,Now,1,1,0,0,0,0
14052,110,4,0,no matter,0,3600,0,0,0,3,0,Now,0,0,0,0,0,0
14163,0,0,0,no matter,0,1800,0,0,0,1,0,September,0,0,0,0,0,0
12043,40,2,0,no matter,0,2400,0,0,0,1,0,Juni,0,0,0,0,0,0
10827,60,2,0,top,0,2700,0,0,0,1,0,Juni,1,1,0,0,0,0
10779,110,4,0,no matter,0,3600,0,0,0,1,0,Now,0,0,0,0,0,0
13158,7,1,0,no matter,0,1800,0,0,0,1,0,Now,0,0,0,0,1,0
10783,40,1,0,no matter,0,1800,0,0,0,1,0,Now,0,0,1,0,0,0
12627,50,3,0,no matter,0,2550,0,0,0,1,0,Juli,1,1,0,0,0,0
13593,60,2,0,no matter,0,2400,0,0,0,1,0,Now,1,1,0,0,0,0
13437,50,2,0,no matter,0,2400,0,0,0,1,0,Now,0,0,0,0,0,0
13585,50,2,0,no matter,0,2400,0,0,0,3,0,Now,0,0,0,0,0,0
12107,60,2,0,no matter,0,2400,0,0,0,1,0,Now,0,1,0,0,0,0
10115,20,1,0,no matter,0,1800,0,0,0,1,0,Now,0,0,0,0,0,0
12059,50,2,0,no matter,0,2400,0,0,0,3,0,Now,0,0,1,0,0,0
14193,100,3,0,top,0,3900,0,0,0,1,0,Juni,0,0,0,0,0,0
14195,30,1,0,no matter,0,1800,0,0,0,2,0,Now,0,0,1,1,0,0
12103,125,5,0,no matter,0,4200,0,0,0,2,0,Now,1,1,0,0,0,0
12059,60,3,0,no matter,0,3000,0,0,0,2,0,Now,1,1,0,0,0,0
12059,50,2,0,no matter,0,2400,0,0,0,3,0,Now,0,0,1,0,1,1
13409,87,3,0,no matter,0,3900,0,0,0,2,0,September,0,1,1,0,1,1
13409,90,3,0,no matter,0,3900,0,0,0,2,0,September,0,1,0,0,0,0
12555,51,2,0,no matter,0,2400,0,0,0,1,0,Juni,0,0,0,0,0,0
10707,100,4,0,no matter,0,3000,0,0,0,3,0,Mai,0,0,0,0,0,0
12277,60,2,0,no matter,0,2100,0,0,0,2,0,August,1,1,0,0,0,0
12353,80,3,0,no matter,0,3000,0,0,0,1,0,Now,0,0,0,0,0,0
14167,40,1,0,no matter,0,1800,0,0,0,1,0,Juni,1,1,0,0,0,0
14199,50,2,0,no matter,0,2400,0,0,0,3,0,Now,0,0,1,0,1,0
13581,50,2,0,no matter,0,2550,0,0,0,1,0,Juli,0,0,0,0,0,0
10829,80,4,0,no matter,0,3600,0,0,0,1,0,Now,0,0,0,0,0,0
10969,75,3,0,no matter,0,3000,0,0,0,2,0,Now,0,0,0,0,0,0
12157,75,4,0,no matter,0,3270,0,0,0,1,0,Now,0,0,0,0,0,0
10179,50,2,0,no matter,0,1560,0,0,0,1,0,Now,0,0,0,0,0,0
12163,45,1,0,no matter,0,2400,0,0,0,3,0,Mai,0,0,0,0,0,0
13591,65,3,0,no matter,0,3000,0,0,0,2,0,Now,0,0,0,0,0,0
13407,42,1,0,no matter,0,1764,0,0,0,1,0,Juni,0,0,0,0,1,0
10437,80,3,0,no matter,0,5100,0,0,0,3,0,Now,1,1,0,0,0,0
13583,70,3,0,no matter,0,3000,0,0,0,2,0,Juni,0,0,0,0,0,0
12587,90,3,0,no matter,0,3000,0,0,0,2,0,Now,0,0,0,0,0,0
10965,55,1,0,no matter,0,1800,0,0,0,1,0,Now,1,1,0,0,0,0
10965,55,1,0,no matter,0,1800,0,0,0,1,0,Now,1,1,0,0,0,0
10967,60,2,0,no matter,0,2400,0,0,0,1,0,Now,0,0,0,0,0,0
10247,70,2,0,no matter,0,2400,0,0,0,2,0,Now,0,0,0,1,0,0
10318,55,2,0,0,0,1800,0,0,0,2,0,Now,1,1,1,1,1,0
13407,80,3,0,no matter,0,3000,0,0,0,2,1,Now,1,1,1,0,1,0
12099,45,1,0,no matter,0,1800,0,0,0,1,0,Juli,1,1,0,0,0,0
10119,30,1,0,no matter,0,1800,0,0,0,1,1,Now,0,0,0,0,0,0
10711,20,1,0,no matter,0,1500,0,0,0,1,1,Now,0,0,0,0,0,0
13403,60,2,0,no matter,0,2550,0,0,0,1,0,Now,1,1,0,0,0,0
13351,50,2,0,no matter,0,2400,0,0,0,1,0,Now,0,0,0,0,0,0
10365,30,1,0,no matter,0,1200,0,0,0,1,0,Now,0,0,0,0,0,0
12107,60,2,0,no matter,0,2400,0,0,0,1,0,Now,0,0,0,0,0,0
12249,70,2,0,no matter,0,2400,0,0,0,2,0,Now,0,0,0,0,0,0
10965,27.35,1,0,no matter,0,1800,0,0,0,3,0,Now,0,0,1,0,0,0
12679,80,4,0,no matter,0,3600,0,0,0,2,0,Now,0,0,0,0,0,0
13189,75,3,0,no matter,0,3000,0,0,0,2,0,Now,0,0,0,0,0,0
12623,50,2,0,no matter,0,1650,0,0,0,1,0,Now,1,1,0,0,0,0
12101,50,2,0,no matter,0,3600,0,0,0,1,1,Now,0,0,0,0,0,0
12623,50,2,0,no matter,0,1500,0,0,0,1,0,Now,1,1,1,0,0,0
10243,55,2,0,no matter,0,2400,0,0,0,1,0,August,0,0,1,0,0,0
10243,50,1,0,no matter,0,1800,0,0,0,1,0,Juli,0,0,0,0,0,0
10115,40,2,0,no matter,0,1500,0,0,0,1,0,August,0,0,0,0,0,0
13189,47,2,0,no matter,0,2100,0,0,0,1,1,Now,0,0,0,0,0,0
13507,35,1,0,no matter,0,1800,0,0,0,1,0,Oktober,1,1,0,0,1,0
13187,40,1,0,no matter,0,2400,0,0,0,2,0,Juni,1,1,1,0,1,0
10623,70,3,0,no matter,0,3300,0,0,0,3,0,Juli,1,1,0,0,0,0
10115,30,1,0,no matter,0,1800,0,0,0,1,0,Now,0,0,0,0,0,0
13353,0,0,0,no matter,0,1800,0,0,0,2,0,Now,0,0,1,0,1,0
10967,140,5,0,2,0,1200,0,0,0,1,0,Now,1,1,0,0,0,0
10117,150,4,0,no matter,0,3600,0,0,0,2,0,Now,0,0,0,0,0,0
10589,50,2,0,top,0,2100,0,0,0,1,0,Juli,1,1,0,0,0,0
10623,0,0,0,no matter,0,1800,0,0,0,1,0,Now,0,0,0,0,0,0
12107,80,4,0,no matter,0,4500,0,0,0,2,0,Now,0,1,0,0,0,0
10967,90,3,0,no matter,0,3000,0,0,0,3,1,Now,0,0,1,1,1,1
13597,40,2,0,no matter,0,1650,0,0,0,1,0,Mai,0,0,0,0,1,0
12437,60,2,0,no matter,0,2400,0,0,0,1,0,August,0,0,1,0,1,0
10318,55,2,0,top,0,2400,0,0,0,1,0,Now,0,0,0,0,0,0
12161,16,3,0,no matter,0,3000,0,0,0,1,0,Now,0,0,0,0,0,0
10115,18,3,0,no matter,0,3000,0,0,0,1,0,Now,0,0,0,0,0,0
10707,50,2,0,top,0,2400,0,0,0,2,0,Now,0,0,1,0,1,1
10829,80,3,0,top,0,3000,0,0,0,1,0,Now,0,0,0,0,0,0
10179,60,2,0,no matter,0,2400,0,0,0,2,0,Now,0,0,0,0,0,0
12057,75,1,0,no matter,0,2550,0,0,0,2,0,August,1,1,0,0,0,0
10249,48,2,0,no matter,0,2400,0,0,0,1,0,Now,0,0,0,0,0,0
12555,80,3,0,0,0,2850,0,0,0,3,0,Now,0,0,0,0,0,0
10707,50,2,0,top,0,2400,0,0,0,2,0,Now,0,0,0,0,0,0
10117,100,3,0,no matter,0,3000,0,0,0,1,0,Now,0,0,0,0,0,0
10117,50,2,0,top,0,2400,0,0,0,1,0,Mai,0,0,0,0,0,0
10711,60,2,0,no matter,0,2100,0,0,0,2,0,Mai,0,1,0,0,0,0
12347,66,3,0,no matter,0,3000,0,0,0,2,1,Now,0,0,0,0,0,0
12167,20,1,0,no matter,0,1350,0,0,0,1,0,Now,0,0,0,0,0,0
13587,40,2,0,no matter,0,2550,0,0,0,1,0,Now,0,0,0,0,0,0
13589,80,3,0,no matter,0,3000,0,0,0,2,0,Now,0,0,1,1,0,0
12161,55,2,0,top,0,2400,0,0,0,1,0,Now,0,0,0,0,0,0
12157,80,3,0,no matter,0,4500,0,0,0,2,0,August,0,0,1,0,0,0
14195,50,2,0,2,0,2400,0,0,0,1,0,Juni,1,1,1,1,1,0
12353,63,2,0,3,0,1485,0,0,0,2,0,August,1,1,1,0,0,0
13351,55,2,0,top,0,2100,0,0,0,1,0,Mai,0,0,0,0,0,0
12351,0,1,0,no matter,0,1800,0,0,0,1,0,Now,1,1,0,0,0,0
10315,11,9,0,no matter,0,6600,0,0,0,3,1,Now,0,0,0,0,0,0
12527,100,3,0,no matter,0,3000,0,0,0,2,0,Now,0,0,0,0,0,0
12163,50,2,0,no matter,0,2100,0,0,0,2,0,Now,1,1,0,0,0,0
10405,18,1,0,no matter,0,1800,0,0,0,1,0,Now,0,0,0,0,0,0
10781,80,3,0,top,0,4500,0,0,0,2,0,Juni,0,0,0,0,0,0
10245,60,2,0,no matter,0,2400,0,0,0,2,0,Now,0,0,1,0,0,0
14057,90,3,0,no matter,0,3000,0,0,0,2,0,Now,0,0,0,0,0,0
12307,50,2,0,no matter,0,2400,0,0,0,1,0,Now,0,0,0,0,0,0
12045,40,2,0,no matter,0,2400,0,0,0,1,0,August,0,0,0,0,0,0
10319,1,1,0,no matter,0,1800,0,0,0,1,0,Now,0,0,1,1,1,0
12524,60,2,0,top,0,2400,0,0,0,2,0,Juni,0,0,0,0,0,0
10997,15,1,0,no matter,0,1800,0,0,0,1,0,Juni,0,0,0,0,0,0
10247,30,1,0,no matter,0,1500,0,0,0,1,0,Now,0,0,0,0,0,0
14165,60,3,0,no matter,0,3000,0,0,0,3,0,Now,0,0,0,0,0,0
10318,30,1,0,no matter,0,1800,0,0,0,2,0,Now,0,0,0,0,0,0
13599,0,0,0,no matter,0,1800,0,0,0,1,0,Now,0,0,0,0,0,0
13599,0,0,0,no matter,0,1800,0,0,0,1,0,Now,0,0,0,0,0,0
13581,14,1,0,no matter,0,1800,0,0,0,1,0,Juli,0,0,1,0,1,0
12169,70,3,0,no matter,0,3600,0,0,0,2,0,Now,0,0,0,0,0,0
10115,40,2,0,no matter,0,2250,0,0,0,1,1,Now,0,0,0,1,0,0
10249,55,2,0,no matter,0,2400,0,0,0,1,0,Now,0,0,0,0,0,0
10997,60,2,0,no matter,0,2400,0,0,0,1,0,Mai,0,0,0,0,0,0
10555,40,1,0,no matter,0,1440,0,0,0,1,0,Now,0,0,0,0,0,0
12107,57,1,0,no matter,0,1800,0,0,0,1,0,Now,0,1,0,0,0,0
10439,50,2,0,no matter,0,2400,0,0,0,1,0,Juni,1,1,1,0,0,0
12205,40,2,0,2,0,2400,0,0,0,2,0,September,1,1,0,0,0,0
13189,25,1,0,no matter,0,1800,0,0,0,1,0,Now,1,1,1,0,0,0
10178,50,2,0,no matter,0,2400,0,0,0,1,0,Now,0,0,0,0,0,0
10243,50,1,0,no matter,0,1950,0,0,0,1,0,Mai,0,0,0,0,0,0
13435,40,1,0,no matter,0,1800,0,0,0,1,0,Now,0,0,1,0,0,0
12355,48,2,0,no matter,0,1650,0,0,0,1,0,Juli,0,0,0,0,0,0
12689,45,2,0,no matter,0,2400,0,0,0,1,0,Juni,1,1,0,0,0,0
10407,100,1,0,no matter,0,1800,0,0,0,1,0,Now,1,1,1,0,1,0
10243,60,3,0,no matter,0,3000,0,0,0,2,2,Now,1,1,0,0,0,0
10719,40,2,0,no matter,0,2400,0,0,0,1,0,Juni,0,0,0,0,0,0
12307,76,3,0,1,0,2580,0,0,0,1,0,Now,0,0,0,0,0,0
10787,0,0,0,no matter,0,1800,0,0,0,1,0,Now,0,0,0,0,0,0
12687,90,4,0,no matter,0,3600,0,0,0,2,1,Now,1,0,0,0,0,0
12353,40,1,0,4,0,1650,0,0,0,1,0,Now,1,1,0,0,0,0
13353,15,1,0,no matter,0,1500,0,0,0,3,1,Juni,0,0,0,0,0,0
12059,50,2,0,no matter,0,1500,0,0,0,1,0,Now,0,0,1,0,0,0
10825,35,1,0,no matter,0,2550,0,0,0,1,0,Mai,1,0,0,0,0,0
10999,25,1,0,no matter,0,1800,0,0,0,1,0,August,0,0,1,1,1,0
10245,58,2,0,2,0,1710,0,0,0,2,0,Now,1,1,0,0,0,0
12205,45,1,0,no matter,0,1500,0,0,0,1,0,Juli,1,0,0,0,0,0
13403,50,1,0,no matter,0,1800,0,0,0,1,0,Now,0,0,0,0,0,0
12057,60,2,0,no matter,0,2400,0,0,0,3,0,Now,0,0,0,0,1,0
10178,25,1,0,no matter,0,1800,0,0,0,3,0,Juni,0,0,1,1,1,0
13055,70,3,0,6,0,3000,0,0,0,2,1,Now,1,1,0,0,0,0
10555,30,1,0,no matter,0,1800,0,0,0,2,0,Now,0,0,1,0,0,1
13403,60,2,0,2,0,1800,0,0,0,2,1,Juni,1,1,0,0,0,0
10967,69,3,0,no matter,0,3000,0,0,0,3,0,Now,0,0,0,0,0,0
10115,2,2,0,no matter,0,2400,0,0,0,1,0,Now,1,1,0,0,0,0
10999,200,1,0,no matter,0,1800,0,0,0,2,0,Juni,0,0,0,0,0,0
10969,0,0,0,no matter,0,1800,0,0,0,1,0,Now,0,0,0,0,0,0
10115,12,1,0,no matter,0,1800,0,0,0,1,0,Mai,0,0,0,0,0,0
10407,40,2,0,no matter,0,2400,0,0,0,1,0,Now,0,0,0,0,0,0
10969,90,4,0,no matter,0,3600,0,0,0,3,0,Now,1,1,0,0,0,0
12305,50,2,0,no matter,0,1800,0,0,0,1,0,Now,0,0,0,0,0,0
12059,0,0,0,no matter,0,1800,0,0,0,1,0,Now,0,0,1,0,0,1
10715,70,3,0,no matter,0,3300,0,0,0,2,0,Now,1,1,0,0,0,0
10707,50,2,0,no matter,0,2400,0,0,0,1,0,Now,0,0,0,0,0,0
10243,80,5,0,no matter,0,3900,0,0,0,2,0,Now,1,1,1,0,0,0
10585,80,3,0,no matter,0,3000,0,0,0,3,0,Now,0,0,0,0,0,0
12355,0,1,0,no matter,0,1800,0,0,0,1,0,Now,0,0,0,0,0,0
10115,35,1,0,no matter,0,1200,0,0,0,3,0,August,0,0,0,0,0,0
12526,45,3,0,0,0,3000,0,0,0,2,0,Now,1,1,0,0,0,0
12683,50,2,0,0,0,1650,0,0,0,2,0,Now,0,0,0,0,0,0
12163,55,2,0,no matter,0,2400,0,0,0,1,0,Now,0,0,0,0,0,0
13349,50,2,0,no matter,0,2100,0,0,0,1,0,Juni,0,0,0,0,0,0
10179,90,3,0,no matter,0,3000,0,0,0,1,0,Now,0,0,0,0,0,0
10719,15,1,0,no matter,0,1800,0,0,0,1,0,Now,1,0,1,0,0,0
13591,60,2,0,no matter,0,2400,0,0,0,2,0,Now,0,0,0,0,0,0
13587,30,1,0,1,0,1800,0,0,0,1,0,Mai,1,1,0,0,1,0
10715,50,2,0,top,0,2400,0,0,0,1,0,Juni,0,1,0,0,0,0
14057,50,2,0,no matter,0,1500,0,0,0,1,0,Now,1,1,1,1,1,1
12163,60,2,0,1,0,2400,0,0,0,2,0,Now,1,1,1,0,0,1
12249,90,4,0,no matter,0,3600,0,0,0,2,0,Now,0,1,0,0,0,0
12169,55,2,0,no matter,0,2400,0,0,0,1,0,Now,0,0,0,0,0,0
13357,70,2,0,no matter,0,2400,0,0,0,2,0,Now,0,1,0,0,0,0
10559,40,2,0,no matter,0,2400,0,0,0,1,0,Juli,0,0,1,1,1,1
14057,40,1,0,1,0,2100,0,0,0,2,0,Mai,1,1,1,0,1,0
10315,30,2,0,no matter,0,1800,0,0,0,1,0,Now,0,0,1,0,0,0
13439,45,2,0,1,0,1590,0,0,0,1,0,Now,1,1,1,0,1,0
10999,50,3,0,no matter,0,3000,0,0,0,2,0,September,0,0,0,0,0,0
10407,185,7,0,no matter,0,5400,0,0,0,1,0,Now,1,0,1,0,0,0
13407,75,3,0,1,0,2850,0,0,0,1,0,Now,1,1,0,0,0,0
10551,45,2,0,no matter,0,2400,0,0,0,1,0,Juli,0,0,0,0,0,0
10777,65,3,0,no matter,0,4350,0,0,0,2,0,Juni,1,1,0,0,0,0
12437,120,4,0,no matter,0,3600,0,0,0,2,0,Mai,0,0,0,0,0,0
13581,60,2,0,no matter,0,2400,0,0,0,2,0,Now,0,0,0,0,0,0
14052,100,4,0,no matter,0,3600,0,0,0,3,0,Now,1,1,0,0,0,0
10551,53,2,0,no matter,0,1950,0,0,0,1,0,Mai,1,1,1,0,0,0
10965,110,5,0,top,0,3900,0,0,0,1,0,Now,1,1,0,0,0,0
12683,50,2,0,no matter,0,1800,0,0,0,2,0,Now,1,1,0,0,0,0
12059,25,1,0,no matter,0,1800,0,0,0,1,0,Now,0,0,0,0,0,0
10789,40,2,0,no matter,0,2400,0,0,0,1,0,Now,0,1,1,1,0,1
12209,40,1,0,2,0,1500,0,0,0,3,0,Juli,1,1,0,0,0,0
13407,70,2,0,no matter,0,2250,0,0,0,2,0,Now,1,1,0,0,0,0
13591,0,0,0,no matter,0,1800,0,0,0,2,0,Now,0,0,0,0,0,0
13403,0,0,0,no matter,0,1800,0,0,0,1,0,Now,0,0,0,0,1,0
10247,40,1,0,no matter,0,1350,0,0,0,1,0,Now,1,1,0,0,0,0
12279,40,2,0,no matter,0,2400,0,0,0,2,0,Mai,0,0,0,0,0,0
12159,100,3,0,no matter,0,3000,0,0,0,2,0,Now,0,0,0,0,0,0
10405,20,1,0,no matter,0,1800,0,0,0,1,0,Juli,0,0,0,0,1,0
12161,74,2,0,no matter,0,2139,0,0,0,3,0,August,1,1,1,1,0,0
10405,100,3,0,no matter,0,3000,0,0,0,2,1,Juli,0,0,0,0,0,0
10969,60,3,0,no matter,0,3000,0,0,0,2,0,Now,0,0,0,0,0,0
10969,25,1,0,no matter,0,1200,0,0,0,1,0,August,1,0,0,0,0,0
10625,30,1,0,no matter,0,1800,0,0,0,1,0,Juli,1,0,0,0,0,0
12619,40,1,0,0,0,1800,0,0,0,1,0,Now,1,1,0,0,0,0
10115,40,1,0,no matter,0,2400,0,0,0,1,0,Now,0,0,0,0,0,0
13053,55,2,0,no matter,0,2250,0,0,0,1,0,Now,0,1,0,0,0,0
10178,50.99,3,0,no matter,0,2250,0,0,0,3,1,Now,0,1,0,0,0,0
13589,70,2,0,no matter,0,2400,0,0,0,1,0,Now,0,0,0,0,0,0
13158,45,1,0,no matter,0,1800,0,0,0,1,0,Now,0,0,0,0,0,0
13589,44,1,0,0,0,1800,0,0,0,1,0,Now,1,1,0,0,0,0
13347,70,3,0,no matter,0,3000,0,0,0,1,0,Now,0,1,0,0,0,0
10827,60,2,0,top,0,2700,0,0,0,1,0,Juni,1,1,0,0,1,0
10553,40,2,0,1,0,2400,0,0,0,1,0,Juni,1,1,1,1,1,0
12055,75,2,0,3,0,2400,0,0,0,1,0,August,1,1,0,0,0,0
10585,35,2,0,no matter,0,2400,0,0,0,1,0,Now,0,0,1,0,0,0
10407,75,3,0,no matter,0,3600,0,0,0,2,0,Now,0,0,0,0,0,0
13347,50,2,0,no matter,0,2100,0,0,0,2,0,Now,0,0,0,0,0,0
12203,40,2,0,no matter,0,2400,0,0,0,1,0,Now,0,0,0,0,0,0
13583,120,4,0,no matter,0,3450,0,0,0,2,0,Mai,1,1,0,0,0,0
12053,70,3,0,no matter,0,3000,0,0,0,1,0,Now,0,0,0,0,0,0
13347,0,0,0,no matter,0,1800,0,0,0,1,0,Now,0,0,0,0,0,0
13435,80,4,0,no matter,0,2250,0,0,0,3,0,Now,1,1,0,0,0,0
13469,30,1,0,no matter,0,1800,0,0,0,1,0,Juni,1,0,0,0,0,0
12683,50,2,0,0,0,1500,0,0,0,2,0,Now,0,0,0,0,0,0
10407,90,3,0,top,0,3000,0,0,0,1,0,Juli,0,0,0,0,0,0
14057,80,3,0,no matter,0,3000,0,0,0,3,0,Now,0,0,0,0,0,0
13507,60,2,0,no matter,0,2400,0,0,0,2,0,Now,0,0,1,0,0,0
10245,50,2,0,no matter,0,2400,0,0,0,1,0,Now,0,0,0,0,0,0
10961,45,1,0,no matter,0,1800,0,0,0,1,0,Now,0,0,1,1,1,0
10589,86,3,0,2,0,3000,0,0,0,2,0,Mai,1,1,0,0,0,0
12487,95,4,0,no matter,0,3600,0,0,0,2,0,Now,0,1,1,1,1,1
10553,65,3,0,top,0,2550,0,0,0,1,0,Juni,0,0,0,0,0,0
10553,40,1,0,no matter,0,1560,0,0,0,1,0,Now,0,0,0,0,0,0
12107,60,2,0,no matter,0,2400,0,0,0,1,0,Now,0,0,0,0,0,0
12047,85,4,0,no matter,0,3600,0,0,0,2,0,Juli,0,0,1,1,0,0
13629,65,2,0,1,0,1854,0,0,0,1,1,Now,1,1,0,0,0,0
10115,30,1,0,no matter,0,1800,0,0,0,1,0,Mai,0,0,1,0,1,0
10117,45,2,0,no matter,0,2700,0,0,0,2,0,August,1,1,0,0,0,0
13355,80,3,0,top,0,3300,0,0,0,2,0,Now,0,0,0,0,0,0
12557,50,1,0,no matter,0,1800,0,0,0,1,0,Mai,1,1,0,0,0,0
10711,15,1,0,no matter,0,1800,0,0,0,2,0,Now,0,0,0,0,0,0
13629,30,1,0,no matter,0,1650,0,0,0,2,1,Juni,0,0,0,0,0,0
13509,40,1,0,no matter,0,1800,0,0,0,1,0,Now,0,0,0,0,0,0
12045,55,2,0,no matter,0,3300,0,0,0,2,0,Mai,0,0,1,0,0,0
10117,50,1,0,no matter,0,1800,0,0,0,1,0,Now,0,0,0,0,0,0
13055,60,2,0,1,0,2400,0,0,0,1,0,Now,1,0,0,0,1,0
14059,45,3,0,no matter,0,3000,0,0,0,2,0,August,1,1,0,0,0,0
10245,50,2,0,no matter,0,2400,0,0,0,1,1,Now,0,0,0,0,0,0
13507,70,3,0,no matter,0,3000,0,0,0,2,0,Now,0,0,0,0,0,0
10777,45,2,0,no matter,0,2400,0,0,0,2,0,Now,0,0,0,0,0,0
10117,50,2,0,no matter,0,2400,0,0,0,1,0,Now,0,0,0,0,0,0
10115,50,2,0,top,0,3000,0,0,0,2,0,September,0,1,0,0,0,0
14059,100,4,0,no matter,0,3900,0,0,0,2,0,Now,1,1,1,0,0,0
10551,50,2,0,2,0,2400,0,0,0,1,0,Now,1,1,0,1,1,0
12435,45,2,0,no matter,0,1800,0,0,0,1,0,Now,0,0,0,0,0,0
13187,80,3,0,no matter,0,3000,0,0,0,3,0,Now,0,0,0,0,0,0
10249,45,1,0,no matter,0,1800,0,0,0,2,0,Now,0,0,0,0,0,0
10969,80,3,0,no matter,0,4200,0,0,0,2,0,Juni,0,0,1,0,0,1
12059,50,1,0,no matter,0,1800,0,0,0,1,1,Now,0,0,0,0,0,0
13125,20,1,0,no matter,0,1800,0,0,0,1,1,Now,0,0,1,0,0,1
12059,50,1,0,no matter,0,1800,0,0,0,2,0,Now,0,0,0,0,0,0
10555,95,4,0,no matter,0,3600,0,0,0,1,0,Now,0,1,0,0,0,0
12357,50,2,0,no matter,0,2400,0,0,0,2,0,Mai,0,0,0,0,0,0
12059,50,2,0,no matter,0,1500,0,0,0,1,0,Now,0,0,0,0,0,0
13127,60,2,0,no matter,0,2400,0,0,0,1,0,Now,0,0,0,0,0,0
10319,1,2,0,no matter,0,1950,0,0,0,1,0,Now,0,0,0,0,0,0
12105,30,1,0,no matter,0,1800,0,0,0,1,0,Mai,0,0,0,0,0,0
14199,80,3,0,no matter,0,3000,0,0,0,3,0,Now,0,0,0,0,0,0
10249,40,1,0,1,0,1500,0,0,0,1,0,Juli,1,1,0,0,0,0
10713,35,2,0,no matter,0,1800,0,0,0,1,0,August,0,0,0,0,0,0
12045,65,2,0,no matter,0,3600,0,0,0,2,0,Juni,0,0,0,0,0,0
12679,45,2,0,no matter,0,2400,0,0,0,1,0,Now,0,0,0,0,0,0
12679,45,2,0,1,0,2400,0,0,0,2,0,Now,1,1,0,0,0,0
12353,0,0,0,no matter,0,1800,0,0,0,1,0,Now,0,0,0,0,0,0
14167,80,1,0,no matter,0,1800,0,0,0,2,0,Now,1,1,0,0,1,0
10245,60,2,0,no matter,0,2400,0,0,0,2,0,Juni,1,1,0,0,0,0
13158,85,3,0,no matter,0,3000,0,0,0,3,1,Januar,0,1,0,0,0,0
13591,30,1,0,1,0,1650,0,0,0,1,0,Now,0,1,0,0,0,0
10823,90,4,0,no matter,0,3600,0,0,0,3,0,Now,0,0,0,0,0,0
13597,40,1,0,no matter,0,1800,0,0,0,1,0,Juni,0,1,1,0,1,1
12435,70,3,0,no matter,0,3000,0,0,0,2,0,Now,0,0,0,0,0,0
12437,70,2,0,no matter,0,2400,0,0,0,2,0,Now,1,1,1,1,1,0
13351,65,2,0,2,0,2100,0,0,0,1,0,Mai,1,1,0,0,0,0
10439,60,2,0,4,0,1800,0,0,0,1,0,Now,1,1,0,0,0,0
12621,35,1,0,no matter,0,1800,0,0,0,1,0,Now,0,1,0,0,0,0
12359,50,2,0,no matter,0,2400,0,0,0,3,1,Now,0,0,0,0,0,0
10961,50,2,0,no matter,0,2400,0,0,0,2,0,Now,0,0,0,0,0,0
10965,50,2,0,no matter,0,2400,0,0,0,2,0,Juni,1,1,0,0,0,0
13353,40,2,0,no matter,0,2400,0,0,0,2,0,August,0,0,0,0,0,0
12247,50,2,0,no matter,0,2400,0,0,0,2,0,Now,0,0,0,0,0,0
10178,60,3,0,no matter,0,3000,0,0,0,2,0,Now,0,0,0,0,0,0
14052,90,4,0,no matter,0,3600,0,0,0,1,0,Mai,1,1,0,0,0,0
13629,50,2,0,top,0,2100,0,0,0,1,1,Juli,1,1,0,0,0,0
14165,65,3,0,no matter,0,3330,0,0,0,1,0,Now,0,0,0,0,1,0
12157,40,1,0,no matter,0,2700,0,0,0,2,0,Juni,0,0,0,0,0,0
10245,50,2,0,no matter,0,2400,0,0,0,2,0,Now,0,0,0,0,1,0
12555,30,1,0,no matter,0,1200,0,0,0,2,0,August,1,0,0,0,0,0
13439,0,0,0,no matter,0,1800,0,0,0,1,0,Now,0,0,0,0,0,0
12353,80,3,0,no matter,0,3000,0,0,0,2,0,Now,0,0,0,0,0,0
13583,42,2,0,no matter,0,1950,0,0,0,1,0,Juni,0,0,0,0,0,0
12559,50,2,0,no matter,0,1800,0,0,0,1,0,Mai,1,1,1,1,0,0
10117,65,4,0,no matter,0,2250,0,0,0,3,0,Mai,1,1,0,0,0,0
13439,120,4,0,no matter,0,3600,0,0,0,2,0,Now,0,0,0,0,0,0
13125,50,2,0,no matter,0,2400,0,0,0,1,0,Mai,0,0,1,1,1,0
10997,100,4,0,2,0,3540,0,0,0,3,0,Januar,1,1,0,0,0,0
10555,34,1,0,3,0,1500,0,0,0,1,1,Juni,0,1,0,0,0,0
13086,70,3,0,no matter,0,3000,0,0,0,2,0,Now,0,0,0,0,0,0
10439,120,4,0,no matter,0,7200,0,0,0,3,0,Now,1,1,0,0,0,0
10965,50,2,0,no matter,0,2400,0,0,0,2,0,Now,1,1,0,0,0,0
13158,50,1,0,no matter,0,1800,0,0,0,2,0,Now,0,0,0,0,0,0
14059,30,1,0,no matter,0,2100,0,0,0,2,0,Juni,1,1,0,0,0,0
10179,30,1,0,no matter,0,1800,0,0,0,1,0,Now,0,0,0,0,0,0
12105,63,1,0,3,0,1800,0,0,0,2,0,Now,1,1,0,0,1,0
10437,30,1,0,no matter,0,2100,0,0,0,1,0,Mai,1,0,0,0,0,0
10405,0,0,0,no matter,0,1800,0,0,0,1,0,Now,0,0,0,0,0,0
10783,88,3,0,top,0,2700,0,0,0,1,0,Now,1,0,0,0,0,0
10779,50,2,0,no matter,0,2400,0,0,0,1,1,Now,0,0,0,0,0,0
10969,55,2,0,no matter,0,2550,0,0,0,2,0,Now,0,1,0,0,0,0
12309,60,3,0,1,0,3000,0,0,0,1,0,Now,0,1,0,0,0,0
10437,30,1,0,no matter,0,1800,0,0,0,1,0,Now,0,0,0,0,0,0
12207,20,1,0,no matter,0,1800,0,0,0,1,0,Now,0,0,0,0,0,0
10437,55,2,0,no matter,0,2700,0,0,0,2,0,Now,0,0,0,0,0,0
10625,90,3,0,no matter,0,3000,0,0,0,1,0,Now,0,0,0,0,0,0
12679,60,2,0,no matter,0,1527,0,0,0,1,0,Now,1,1,1,0,0,0
12157,50,2,0,no matter,0,2400,0,0,0,1,0,Juli,0,0,1,0,0,0
10965,30,2,0,no matter,0,1500,0,0,0,1,0,Apr,1,1,0,0,0,0
13629,30,1,0,no matter,0,1650,0,0,0,1,1,Juni,0,0,0,0,0,0
10557,30,1,0,no matter,0,1650,0,0,0,1,0,Now,0,0,1,1,0,0
10367,40,2,0,no matter,0,1950,0,0,0,1,1,Now,0,0,0,0,0,0
12277,100,4,0,no matter,0,3600,0,0,0,2,0,Now,0,0,0,0,0,0
10245,75,3,0,no matter,0,3000,0,0,0,1,0,Now,0,0,0,0,0,0
10247,0,0,0,no matter,0,1800,0,0,0,1,0,Now,0,0,0,0,0,0
14059,45,1,0,no matter,0,2100,0,0,0,3,0,Now,1,1,0,0,0,0
12053,120,1,0,no matter,0,5100,0,0,0,1,0,Now,1,1,0,0,0,0
12349,50,2,0,no matter,0,1950,0,0,0,1,0,Mai,0,0,0,0,0,0
10789,100,3,0,no matter,0,3000,0,0,0,2,0,Now,0,1,0,0,0,0
10961,50,2,0,no matter,0,2400,0,0,0,1,0,Now,0,0,1,0,0,0
10967,60,3,0,4,0,3000,0,0,0,2,0,Juli,0,0,0,0,0,0
13595,55.7,2,0,no matter,0,2400,0,0,0,2,0,Now,1,1,0,0,0,0
12043,65,2,0,no matter,0,2550,0,0,0,2,0,August,1,1,0,0,0,0
14165,60,2,0,no matter,0,2400,0,0,0,3,0,Mai,0,0,0,0,0,0
13125,100,3,0,no matter,0,3000,0,0,0,2,0,Now,0,0,0,0,0,0
10115,70,3,0,no matter,0,4500,0,0,0,1,0,Now,0,0,0,0,0,0
10625,30,1,0,no matter,0,1800,0,0,0,1,0,Now,0,0,0,0,0,0
10781,50,2,0,no matter,0,1800,0,0,0,1,0,Now,0,0,0,0,0,0
13353,65,2,0,no matter,0,4200,0,0,0,1,0,Now,0,0,0,0,0,0
13409,60,2,0,no matter,0,2550,0,0,0,1,0,Juni,0,0,0,0,0,0
10409,55,2,0,no matter,0,3000,0,0,0,1,0,Juni,0,0,0,0,0,0
10781,110,4,0,no matter,0,3600,0,0,0,2,0,Now,0,0,0,0,0,0
10315,100,1,0,no matter,0,1800,0,0,0,1,0,Mai,0,0,0,0,0,0
10585,50,2,0,no matter,0,2400,0,0,0,1,0,Now,0,0,0,0,0,0
10707,100,3,0,no matter,0,3000,0,0,0,2,0,Now,0,0,0,0,0,0
10315,45,2,0,no matter,0,1950,0,0,0,1,0,Now,0,0,1,0,0,1
10829,110,5,0,no matter,0,5400,0,0,0,3,0,Now,1,1,0,0,0,0
10961,60,2,0,top,0,1950,0,0,0,1,0,Now,1,1,0,0,0,0
13595,0,0,0,no matter,0,1800,0,0,0,1,0,Now,0,0,0,0,0,0
13353,50,1,0,no matter,0,1800,0,0,0,1,0,Now,1,1,1,0,1,0
10365,45,1,0,no matter,0,1950,0,0,0,1,0,Mai,1,1,0,0,0,0
10969,0,0,0,no matter,0,1800,0,0,0,2,0,Now,0,0,1,1,0,0
13051,76,3,0,1,0,1800,0,0,0,2,0,Now,1,1,0,0,0,0
12555,79,2,0,no matter,0,2400,0,0,0,1,0,Now,0,0,0,0,0,0
13439,80,3,0,no matter,0,2550,0,0,0,2,0,Now,1,1,1,0,0,0
10825,60,3,0,no matter,0,3000,0,0,0,1,0,Now,0,0,0,0,0,0
10407,60,2,0,no matter,0,2400,0,0,0,2,0,Juni,1,1,0,0,0,0
12099,55,2,0,no matter,0,2400,0,0,0,2,0,Now,0,0,0,0,0,0
12627,60,2,0,1,0,2850,0,0,0,1,0,August,1,1,0,0,0,0
12161,10,1,0,no matter,0,1200,0,0,0,1,0,August,1,0,0,0,0,0
10179,75,3,0,no matter,0,3300,0,0,0,1,0,Now,0,0,1,0,1,1
12203,65,2,0,no matter,0,2400,0,0,0,1,0,Now,0,0,0,0,0,0
12247,35,1,0,no matter,0,1500,0,0,0,1,1,Juli,0,0,0,0,0,0
12247,50,2,0,no matter,0,2400,0,0,0,2,0,Now,0,0,0,0,0,0
12347,7,2,0,no matter,0,2400,0,0,0,2,0,Now,1,1,0,0,0,0
12309,50,3,0,no matter,0,3000,0,0,0,1,0,Now,0,0,0,0,0,0
10709,50,2,0,no matter,0,2400,0,0,0,2,0,Now,0,0,0,0,0,0
12163,0,2,0,no matter,0,2400,0,0,0,1,0,Mai,1,0,0,0,0,0
13088,23,1,0,no matter,0,1800,0,0,0,1,0,Now,0,0,0,0,0,0
10115,15,1,0,no matter,0,1800,0,0,0,1,0,Now,0,0,0,0,0,0
10405,50,2,0,top,0,1950,0,0,0,1,0,August,1,1,0,0,0,0
10245,60,2,0,no matter,0,2400,0,0,0,1,0,Now,0,0,0,0,0,0
10997,60,2,0,no matter,0,2400,0,0,0,1,0,Now,0,0,0,0,0,0
14167,20,6,0,no matter,0,4800,0,0,0,1,1,Juni,0,0,0,0,0,0
12587,20,1,0,no matter,0,1800,0,0,0,1,0,Mai,0,0,0,0,0,0
12437,70,2,0,no matter,0,2400,0,0,0,2,0,Juni,0,0,0,0,0,0
12437,90,4,0,no matter,0,3600,0,0,0,3,1,Now,0,0,1,1,0,0
10557,60,2,0,4,0,4605,0,0,0,1,0,Juni,1,1,0,0,0,0
10629,150,4,0,no matter,0,3600,0,0,0,2,0,Mai,1,1,0,0,0,0
10115,15,1,0,no matter,0,1800,0,0,0,1,0,Juni,0,0,1,0,0,0
13509,65,3,0,no matter,0,3000,0,0,0,1,0,Now,0,0,0,0,0,0
14169,15,1,0,no matter,0,1350,0,0,0,1,0,Now,0,1,0,0,0,0
10553,50,1,0,no matter,0,1800,0,0,0,1,0,Juni,0,0,0,0,0,0
10369,35,1,0,top,0,1350,0,0,0,1,0,Mai,1,1,0,0,1,0
12101,35,1,0,top,0,1650,0,0,0,1,0,Now,0,0,0,0,0,0
12053,80,2,0,no matter,0,2250,0,0,0,1,0,Juni,1,1,0,0,0,0
10965,55,2,0,no matter,0,3000,0,0,0,2,0,August,0,0,0,0,0,0
14163,70,2,0,no matter,0,2400,0,0,0,2,0,Juni,0,0,0,0,0,0
10115,60,2,0,no matter,0,2400,0,0,0,1,0,Juli,1,1,1,0,0,0
10777,65,3,0,no matter,0,3600,0,0,0,2,0,Juli,0,0,0,0,0,0
13409,60,2,0,no matter,0,2550,0,0,0,1,0,Juni,0,0,0,0,0,0
13589,95,3,0,no matter,0,3000,0,0,0,2,0,Now,0,0,0,0,0,0
12053,40,2,0,no matter,0,3000,0,0,0,1,1,Now,0,0,0,0,0,0
12307,10,1,0,no matter,0,1050,0,0,0,2,0,Now,0,0,1,0,0,1
12103,80,3,0,no matter,0,3000,0,0,0,1,0,Now,1,1,0,0,0,0
10969,70,2,0,no matter,0,2400,0,0,0,1,0,August,0,0,0,0,0,0
10777,70,3,0,no matter,0,4200,0,0,0,2,0,Now,0,1,0,0,0,0
13599,60,2,0,no matter,0,2400,0,0,0,2,0,Now,0,0,0,0,0,0
10715,85,3,0,no matter,0,3000,0,0,0,3,0,Now,0,0,0,0,0,0
13589,50,2,0,no matter,0,2400,0,0,0,1,0,Now,1,0,0,0,0,0
10585,55,2,0,no matter,0,1950,0,0,0,1,0,Now,0,0,1,0,1,0
12051,30,1,0,no matter,0,1800,0,0,0,2,0,Now,0,0,0,0,0,0
10587,50,2,0,no matter,0,1500,0,0,0,1,0,Mai,0,0,0,0,0,0
14197,65,3,0,no matter,0,2010,0,0,0,1,0,Now,0,0,0,0,0,0
10717,40,1,0,0,0,2100,0,0,0,1,1,Now,1,1,0,0,0,0
10409,45,2,0,no matter,0,2400,0,0,0,1,0,Juli,1,1,0,0,0,0
10777,90,5,0,no matter,0,4200,0,0,0,2,0,Now,0,0,0,0,0,1
13505,80,3,0,no matter,0,3000,0,0,0,2,0,Now,1,1,0,0,0,0
10789,60,2,0,no matter,0,2400,0,0,0,2,0,Now,0,1,0,0,0,0
10627,70,3,0,no matter,0,3000,0,0,0,2,0,Juni,1,1,0,0,0,0
10627,0,4,0,no matter,0,5100,0,0,0,2,0,Now,0,0,0,0,0,0
13357,0,0,0,no matter,0,1800,0,0,0,2,0,Now,0,0,0,0,0,0
13407,60,2,0,no matter,0,2400,0,0,0,1,0,Now,0,0,1,1,0,0
13359,71,3,0,5,0,3000,0,0,0,1,0,Juni,1,1,0,0,0,0
10405,80,3,0,no matter,0,3000,0,0,0,2,0,Now,0,0,1,1,1,0
10997,65,3,0,no matter,0,4200,0,0,0,2,0,Now,0,1,0,0,0,0
13359,65,2,0,no matter,0,2400,0,0,0,2,0,Now,0,0,0,0,0,0
12557,80,4,0,no matter,0,3600,0,0,0,2,0,Juni,0,0,1,0,0,0
13055,65,3,0,no matter,0,3000,0,0,0,2,0,Juni,0,0,0,0,0,0
13403,102,5,0,no matter,0,4200,0,0,0,3,0,Now,1,1,0,0,0,0
12051,70,3,0,1,0,3000,0,0,0,1,0,Mai,1,1,1,0,1,0
10711,35,1,0,no matter,0,2250,0,0,0,1,0,Juni,0,0,0,0,0,0
12047,40,2,0,no matter,0,2250,0,0,0,1,0,Now,1,1,0,1,1,1
12527,82,2,0,1,0,2400,0,0,0,2,1,August,1,1,1,0,0,0
10965,60,2,0,top,0,2400,0,0,0,2,0,Now,0,0,0,0,0,0
12157,45,2,0,1,0,2400,0,0,0,3,0,Juni,1,1,1,0,1,1
10178,80,3,0,no matter,0,3600,0,0,0,2,0,August,1,1,0,0,0,0
10435,40,2,0,no matter,0,2400,0,0,0,1,0,Now,0,0,0,0,0,0
10967,60,2,0,top,0,2400,0,0,0,2,0,Now,1,1,0,0,0,0
10115,38,1,0,no matter,0,2250,0,0,0,1,0,Now,0,0,0,0,0,0
13507,50,2,0,no matter,0,2400,0,0,0,2,0,Now,0,0,0,0,0,0
10553,75,3,0,no matter,0,3000,0,0,0,2,0,Now,0,0,0,0,0,0
10367,35,1,0,no matter,0,1440,0,0,0,1,0,Juni,0,0,0,0,0,0
10999,55,2,0,no matter,0,1740,0,0,0,1,0,Now,0,0,0,0,0,0
13599,55,2,0,no matter,0,2400,0,0,0,1,0,Now,0,0,0,0,0,0
12107,20,1,0,no matter,0,1800,0,0,0,1,0,Now,0,0,0,0,0,0
13591,45,2,0,no matter,0,2400,0,0,0,2,0,Now,0,0,0,0,0,0
10249,75,3,0,no matter,0,3000,0,0,0,2,0,Now,0,0,0,0,0,0
13599,55,2,0,no matter,0,2400,0,0,0,1,0,Now,0,0,0,0,0,0
13353,60,3,0,no matter,0,3000,0,0,0,3,0,Now,0,0,0,0,0,0
13435,26,1,0,no matter,0,1500,0,0,0,1,0,Now,0,0,0,0,0,0
10783,60,2,0,no matter,0,2400,0,0,0,2,0,Juni,0,0,0,0,0,0
14057,50,2,0,no matter,0,3000,0,0,0,2,0,Now,0,0,1,0,1,0
12353,60,2,0,no matter,0,2400,0,0,0,3,0,Juni,1,1,1,0,0,0
12047,50,2,0,no matter,0,2400,0,0,0,2,0,Juni,0,1,0,0,0,0
12169,0,0,0,no matter,0,1800,0,0,0,2,0,Now,0,0,0,0,0,0
13055,0,0,0,no matter,0,1800,0,0,0,1,0,Now,0,0,1,0,0,0
10317,30,1,0,no matter,0,1560,0,0,0,1,0,Mai,0,1,0,0,0,0
12619,80,4,0,0,0,3000,0,0,0,2,1,Now,1,1,1,1,1,1
10115,60,2,0,no matter,0,2250,0,0,0,2,0,Juli,1,1,0,0,0,0
10559,55,2,0,no matter,0,2400,0,0,0,1,0,Now,0,0,0,0,0,0
12249,15,1,0,no matter,0,1800,0,0,0,2,0,September,0,0,0,0,0,0
10589,30,1,0,no matter,0,1800,0,0,0,1,0,Now,0,0,0,0,0,0
12349,80,3,0,no matter,0,3000,0,0,0,3,0,Oktober,0,0,0,0,0,0
12205,80,3,0,no matter,0,3600,0,0,0,2,0,Now,1,1,0,0,0,0
12059,55,2,0,1,0,2400,0,0,0,2,0,Now,1,1,1,0,0,0
10249,70,3,0,no matter,0,3000,0,0,0,2,0,Now,1,1,0,0,0,0
10781,55,2,0,no matter,0,2400,0,0,0,3,1,Apr,1,1,0,0,0,0
12679,85,3,0,no matter,0,4950,0,0,0,1,0,Now,0,0,0,0,0,0
13585,75,3,0,0,0,3000,0,0,0,2,0,Now,1,1,0,0,0,0
12109,40,1,0,no matter,0,1800,0,0,0,1,2,Now,0,0,0,0,0,0
13088,110,4,0,no matter,0,3600,0,0,0,1,0,Now,0,0,0,0,0,0
12043,60,2,0,no matter,0,3900,0,0,0,2,0,Juni,1,1,0,0,0,0
12053,40,1,0,top,0,1350,0,0,0,1,0,Juli,0,0,0,0,0,0
10623,50,1,0,no matter,0,6000,0,0,0,1,1,Now,0,0,1,0,0,0
12053,50,2,0,top,0,2100,0,0,0,1,0,Mai,1,1,0,0,0,0
14050,1,1,0,no matter,0,1800,0,0,0,2,0,Now,0,0,0,0,0,0
12487,50,2,0,no matter,0,2250,0,0,0,1,0,Mai,0,0,0,0,0,0
10783,0,0,0,no matter,0,1800,0,0,0,1,0,Now,0,0,0,0,0,0
10783,0,0,0,no matter,0,1800,0,0,0,1,0,Now,0,0,0,0,0,0
12349,60,2,0,no matter,0,2400,0,0,0,2,0,Now,0,0,1,0,1,0
10365,35,1,0,no matter,0,1500,0,0,0,1,0,Now,0,0,0,0,0,0
12045,25,1,0,no matter,0,1500,0,0,0,1,0,Now,0,0,0,0,0,0
10555,40,2,0,no matter,0,2400,0,0,0,2,0,Now,0,0,0,0,0,0
10247,70,3,0,no matter,0,3000,0,0,0,3,0,Now,1,0,0,0,0,0
12059,60,2,0,top,0,2400,0,0,0,1,0,Now,0,0,0,0,0,0
13357,68,3,0,no matter,0,3000,0,0,0,2,0,Juni,1,1,0,0,0,0
12555,40,1,0,no matter,0,1410,0,0,0,3,2,Now,1,1,0,0,0,0
10115,30,2,0,no matter,0,1950,0,0,0,1,0,November,0,0,0,0,0,0
10243,0,0,0,no matter,0,1800,0,0,0,3,0,Now,0,0,0,0,0,0
10717,60,3,0,no matter,0,3000,0,0,0,1,0,Now,0,0,0,0,0,0
12619,80,4,0,no matter,0,3900,0,0,0,3,0,Now,1,1,1,0,1,0
10315,50,2,0,no matter,0,1650,0,0,0,1,1,Now,1,1,0,0,0,0
10969,30,1,0,no matter,0,1800,0,0,0,2,0,Now,0,0,1,1,1,0
12103,40,1,0,2,0,1500,0,0,0,1,0,Juli,1,1,0,0,0,0
13627,0,0,0,no matter,0,1800,0,0,0,2,0,Now,0,0,1,0,0,0
14055,50,2,0,no matter,0,2400,0,0,0,1,0,Now,1,1,1,0,0,0
14055,50,2,0,no matter,0,2400,0,0,0,1,0,Now,0,1,0,0,0,0
10115,30,1,0,no matter,0,1800,0,0,0,1,0,Now,0,0,0,0,0,0
12107,60,2,0,no matter,0,2400,0,0,0,1,0,Mai,0,0,0,0,0,0
10369,50,2,0,no matter,0,2400,0,0,0,1,0,Now,0,0,0,0,0,0
10117,60,3,0,no matter,0,3000,0,0,0,2,0,Juli,0,0,0,0,0,0
10247,0,0,0,no matter,0,1500,0,0,0,1,0,Mai,1,1,0,0,0,0
13055,90,4,0,top,0,3600,0,0,0,1,0,Now,1,1,0,0,0,0
10405,45,2,0,2,0,2400,0,0,0,2,0,Juni,1,1,1,0,1,1
10119,70,2,0,no matter,0,2400,0,0,0,2,0,Now,0,0,0,0,0,0
10787,85,2,0,no matter,0,2400,0,0,0,2,0,Mai,0,0,0,0,0,0
13581,55,2,0,no matter,0,2400,0,0,0,1,0,Now,0,0,0,0,0,0
10711,60,2,0,no matter,0,2400,0,0,0,2,0,Now,0,0,0,0,0,0
13057,80,3,0,no matter,0,2700,0,0,0,2,0,August,1,1,0,0,0,0
12305,50,2,0,top,0,2700,0,0,0,1,0,Now,1,1,0,0,0,0
10115,30,1,0,no matter,0,3000,0,0,0,1,0,August,0,0,0,0,0,0
10315,55,2,0,no matter,0,2100,0,0,0,2,0,Juni,0,0,1,0,0,0
10827,75,3,0,no matter,0,3600,0,0,0,2,0,Now,0,0,0,0,0,0
10785,40,2,0,no matter,0,2400,0,0,0,2,0,Now,0,0,0,0,1,0
13467,60,2,0,no matter,0,2250,0,0,0,1,1,Mai,0,0,1,0,1,0
12353,12,1,0,no matter,0,1200,0,0,0,1,0,Mai,1,1,0,0,0,0
10997,90,3,0,no matter,0,3000,0,0,0,3,0,Now,0,0,0,0,0,0
14197,30,2,0,top,0,3000,0,0,0,1,0,Juni,0,0,0,0,0,0
10999,55,2,0,no matter,0,2400,0,0,0,3,0,Now,0,0,1,0,0,0
12105,50,2,0,1,0,2400,0,0,0,2,0,Juni,1,1,0,0,0,0
10589,0,0,0,no matter,0,1800,0,0,0,1,0,Now,0,0,0,0,0,0
12053,14,1,0,no matter,0,1800,0,0,0,1,0,Juni,0,0,1,1,0,0
13347,39,1,0,3,0,1128,0,0,0,1,0,Now,1,0,0,0,0,0
12351,0,0,0,no matter,0,1800,0,0,0,2,0,Now,0,0,1,0,0,0
12169,80,3,0,top,0,3300,0,0,0,2,0,Now,0,0,0,0,0,0
10249,45,2,0,no matter,0,2700,0,0,0,1,1,Now,0,0,0,0,0,0
10245,80,2,0,no matter,0,2400,0,0,0,2,0,Juni,0,0,1,0,0,1
13507,50,2,0,top,0,2400,0,0,0,1,0,Now,1,1,0,0,0,0
12437,75,3,0,no matter,0,3000,0,0,0,3,0,Now,0,0,0,0,0,0
13585,45,2,0,no matter,0,2400,0,0,0,1,0,Now,0,0,0,0,0,0
10585,86,3,0,no matter,0,3000,0,0,0,2,0,Now,0,0,1,1,0,0
13591,50,2,0,no matter,0,2250,0,0,0,2,0,Mai,1,1,0,0,0,0
13407,70,3,0,no matter,0,3000,0,0,0,2,0,Now,0,0,0,0,0,0
10557,35,2,0,no matter,0,1800,0,0,0,1,0,Now,0,0,0,1,1,0
12101,40,1,0,2,0,1800,0,0,0,2,0,Juni,1,1,0,0,0,0
10178,60,2,0,no matter,0,2400,0,0,0,2,0,Now,0,0,0,0,0,0
12629,70,3,0,no matter,0,3000,0,0,0,1,0,Juli,1,1,0,0,0,0
10437,45,2,0,no matter,0,2400,0,0,0,2,1,Now,0,0,1,0,0,0
10243,35,1,0,no matter,0,1950,0,0,0,1,0,Mai,0,0,1,0,1,0
12165,50,2,0,no matter,0,2400,0,0,0,2,1,Juli,1,0,0,0,0,0
10965,40,1,0,no matter,0,1500,0,0,0,1,0,Now,0,0,0,0,0,0
12687,90,4,0,no matter,0,3600,0,0,0,3,0,Now,0,1,1,0,0,0
13585,50,2,0,top,0,1890,0,0,0,1,0,Mai,0,0,0,0,0,0
14193,90,4,0,top,0,3600,0,0,0,1,0,Now,0,0,0,0,0,0
14163,0,0,0,no matter,0,1800,0,0,0,1,0,Now,0,0,0,0,0,0
12351,0,0,0,no matter,0,1800,0,0,0,2,0,Now,0,0,0,0,0,0
12627,1,3,0,no matter,0,3000,0,0,0,1,0,Now,0,0,0,0,0,0
13359,80,3,0,no matter,0,3000,0,0,0,3,0,Now,0,0,0,0,0,0
12629,0,0,0,no matter,0,1800,0,0,0,2,0,Now,0,0,0,0,0,0
12103,55,2,0,no matter,0,2400,0,0,0,2,0,Now,1,1,0,0,0,0
12051,70,3,0,1,0,3000,0,0,0,3,0,Mai,1,1,0,0,0,0
12049,65,2,0,no matter,0,1800,0,0,0,2,0,Now,0,0,0,0,0,0
10961,120,2,0,1,0,2400,0,0,0,1,0,Juni,1,1,1,0,1,0
10405,50,2,0,top,0,2400,0,0,0,1,0,Juni,1,1,0,0,1,0
10115,45,1,0,no matter,0,1800,0,0,0,1,0,August,1,1,0,0,0,0
12487,80,3,0,1,0,3000,0,0,0,2,0,Now,1,1,0,0,0,0
12347,30,1,0,0,0,1050,0,0,0,1,0,Now,1,0,0,0,0,0
10367,36,1,0,no matter,0,1800,0,0,0,1,0,Now,1,1,0,0,0,0
12683,30,1,0,1,0,1800,0,0,0,1,0,Juni,1,0,0,0,0,0
12437,40,2,0,no matter,0,2400,0,0,0,1,0,Juni,1,1,0,0,0,0
13593,80,2,0,no matter,0,2400,0,0,0,1,0,August,1,1,0,0,0,0
10623,12,1,0,no matter,0,1050,0,0,0,1,0,Juli,0,0,0,0,1,0
12555,80,3,0,0,0,3000,0,0,0,2,0,Mai,1,1,1,0,0,0
10777,60,3,0,no matter,0,3600,0,0,0,3,0,Mai,0,1,0,0,0,0
13353,65,2,0,no matter,0,3600,0,0,0,1,0,Now,0,0,0,0,0,0
12051,20,2,0,no matter,0,2400,0,0,0,1,1,Now,0,0,1,0,0,1
10783,75,3,0,no matter,0,3000,0,0,0,2,0,Now,0,0,0,0,0,0
10969,50,2,0,no matter,0,2400,0,0,0,1,0,Juli,0,0,1,0,1,0
10437,60,2,0,top,0,2400,0,0,0,2,0,Now,0,0,0,0,0,0
10117,40,2,0,no matter,0,1950,0,0,0,1,0,Now,0,0,0,0,0,0
12349,10,1,0,no matter,0,1800,0,0,0,1,0,Now,1,1,0,0,0,0
12161,80,3,0,no matter,0,3000,0,0,0,2,0,Now,0,0,0,0,0,0
13407,50,2,0,no matter,0,2400,0,0,0,2,0,Now,0,0,0,0,0,0
10829,0,0,0,no matter,0,1800,0,0,0,1,0,Now,0,0,0,0,0,0
10559,50,2,0,no matter,0,2400,0,0,0,1,0,Now,0,0,1,0,1,0
10781,50,2,0,no matter,0,3300,0,0,0,1,0,Now,0,0,0,0,0,0
12685,65,3,0,no matter,0,3000,0,0,0,2,0,Now,0,0,0,0,0,0
10823,50,3,0,no matter,0,3000,0,0,0,1,0,Now,1,1,0,0,0,0
12355,60,2,0,no matter,0,1950,0,0,0,2,0,Mai,1,1,0,0,0,0
10243,40,1,0,top,0,1200,0,0,0,2,0,Now,1,1,1,0,0,1
10823,70,2,0,top,0,2400,0,0,0,1,0,Now,1,1,0,0,0,0
10247,95,3,0,no matter,0,3900,0,0,0,2,0,Now,0,0,1,1,0,1
10409,70,3,0,no matter,0,3600,0,0,0,3,0,Now,0,0,0,0,0,0
10827,50,2,0,no matter,0,2850,0,0,0,1,0,Juni,0,0,0,0,0,0
12161,52,2,0,no matter,0,2550,0,0,0,3,0,Now,0,0,0,0,0,0
12557,70,3,0,no matter,0,3000,0,0,0,2,0,Now,0,0,1,1,1,0
10783,88,3,0,no matter,0,2700,0,0,0,1,0,Now,1,0,0,0,0,0
10247,55,2,0,no matter,0,2400,0,0,0,2,1,Juni,0,0,0,0,0,0
13189,0,0,0,no matter,0,1800,0,0,0,2,1,Now,0,0,0,0,0,0
10179,80,2,0,no matter,0,3900,0,0,0,2,0,Mai,0,0,1,1,1,0
10249,57,2,0,3,0,1560,0,0,0,2,0,Juli,1,1,0,0,0,0
12459,100,4,0,no matter,0,7200,0,0,0,2,0,Mai,0,1,0,0,0,0
10777,100,4,0,no matter,0,3600,0,0,0,1,0,Now,0,1,0,0,1,0
10245,35,1,0,no matter,0,1800,0,0,0,3,0,Juni,0,0,0,0,0,0
12167,50,2,0,top,0,2400,0,0,0,1,1,Now,0,0,0,0,0,0
10315,25,2,0,no matter,0,1620,0,0,0,1,0,Now,0,0,0,0,0,0
10315,80,4,0,2,0,3600,0,0,0,1,0,August,1,1,0,0,0,0
10711,300,1,0,1,0,1800,0,0,0,2,0,Now,1,1,0,0,0,0
12105,85,3,0,2,0,3000,0,0,0,2,0,Juli,0,0,0,0,0,0
14167,80,3,0,no matter,0,3600,0,0,0,1,0,Juli,0,1,0,0,0,0
13053,70,3,0,no matter,0,2250,0,0,0,2,0,Now,0,0,0,0,0,0
10245,60,2,0,no matter,0,2400,0,0,0,1,0,Now,0,0,0,0,0,0
12209,100,4,0,no matter,0,2700,0,0,0,1,0,Now,1,1,0,0,0,0
14197,50,2,0,no matter,0,2400,0,0,0,1,0,Now,0,0,1,0,0,0
13088,80,3,0,top,0,3000,0,0,0,3,0,Now,1,1,0,0,0,0
13407,30,1,0,no matter,0,1800,0,0,0,2,0,Juni,0,0,1,0,1,0
13437,70,2,0,no matter,0,1950,0,0,0,2,0,Mai,1,1,0,0,0,0
10115,35,1,0,no matter,0,1800,0,0,0,2,0,Mai,0,0,0,0,0,0
10247,80,3,0,no matter,0,3000,0,0,0,1,0,Now,0,0,0,0,0,0
10961,50,2,0,no matter,0,2400,0,0,0,1,0,Now,0,0,0,0,0,0
12353,30,1,0,no matter,0,1800,0,0,0,2,0,Now,1,1,0,0,0,0
10119,55,2,0,no matter,0,2400,0,0,0,1,1,Now,0,0,0,0,0,0
13597,60,2,0,4,0,2400,0,0,0,1,0,Now,1,1,0,0,0,0
10629,120,4,0,no matter,0,3600,0,0,0,2,0,Now,0,0,0,0,0,0
12103,55,2,0,no matter,0,2850,0,0,0,2,0,Now,0,0,0,0,0,0
13435,120,4,0,no matter,0,4500,0,0,0,2,0,Now,0,0,1,1,1,1
13349,70,2,0,1,0,2100,0,0,0,1,0,Mai,1,1,0,0,0,0
13351,65,2,0,no matter,0,2400,0,0,0,3,0,Mai,0,0,1,0,0,0
10178,58,2,0,2,0,2400,0,0,0,1,0,Now,0,0,0,0,0,0
10115,60,3,0,no matter,0,3600,0,0,0,2,0,Now,1,1,1,1,0,0
13627,61,2,0,1,0,1602,0,0,0,3,0,Now,1,1,0,0,0,0
10553,50,2,0,no matter,0,2400,0,0,0,2,0,Now,0,0,0,0,0,0
12524,25,1,0,no matter,0,1800,0,0,0,1,0,Juni,0,0,0,0,0,0
10409,70,3,0,no matter,0,3000,0,0,0,2,0,Now,0,0,0,0,0,0
10249,80,2,0,no matter,0,2400,0,0,0,1,0,Now,0,0,0,0,0,0
10247,50,2,0,top,0,2400,0,0,0,3,0,August,0,0,0,0,0,0
10963,50,1,0,no matter,0,1500,0,0,0,1,0,Mai,1,1,0,0,0,0
10589,50,1,0,no matter,0,1800,0,0,0,1,0,Now,0,1,0,0,0,0
10247,60,2,0,no matter,0,3300,0,0,0,1,0,Now,0,1,0,0,1,0
10117,50,2,0,no matter,0,2400,0,0,0,1,0,Now,0,0,0,0,0,0
10557,35,1,0,top,0,1800,0,0,0,1,0,Now,0,0,0,0,0,0
12053,40,2,0,no matter,0,2700,0,0,0,2,1,Now,0,0,0,0,0,0
12103,20,1,0,no matter,0,900,0,0,0,3,0,September,0,0,0,0,0,0
10179,100,3,0,no matter,0,3000,0,0,0,2,0,Now,1,1,0,0,0,0
13591,75,3,0,1,0,3000,0,0,0,2,0,Now,1,1,0,0,0,0
14089,0,0,0,no matter,0,1800,0,0,0,1,0,Now,0,0,0,0,0,0
12627,35,1,0,no matter,0,1380,0,0,0,1,0,Juni,0,1,0,0,0,0
12159,50,2,0,no matter,0,2400,0,0,0,1,0,Mai,0,0,0,0,0,0
14050,25,1,0,no matter,0,1800,0,0,0,1,0,Now,0,0,1,1,1,1
13581,55,1,0,no matter,0,1950,0,0,0,1,0,Mai,1,1,0,0,0,0
10551,35,1,0,no matter,0,1800,0,0,0,1,0,Now,0,0,1,1,0,1
10117,0,0,0,no matter,0,1800,0,0,0,1,0,Now,0,0,0,0,0,0
10115,0,0,0,no matter,0,1800,0,0,0,2,0,Now,0,0,0,0,0,0
13355,30,1,0,no matter,0,1800,0,0,0,1,0,Now,0,0,0,0,0,0
10117,20,1,0,no matter,0,1800,0,0,0,1,0,August,0,0,0,0,1,0
12157,30,1,0,top,0,1800,0,0,0,1,0,September,1,1,0,0,0,0
12351,50,2,0,no matter,0,2400,0,0,0,1,0,Now,0,0,0,0,0,0
12357,55,1,0,no matter,0,1410,0,0,0,1,1,Now,1,1,1,0,0,1
13187,50,2,0,no matter,0,2400,0,0,0,1,0,Now,0,0,0,0,0,0
12157,120,5,0,no matter,0,6000,0,0,0,2,2,Now,0,0,0,0,0,0
13593,20,1,0,no matter,0,1800,0,0,0,1,0,Now,1,1,0,0,0,0
12209,60,2,0,no matter,0,2100,0,0,0,1,0,Juli,0,0,0,0,0,0
13057,80,0,0,no matter,0,1800,0,0,0,2,0,Now,0,0,0,0,0,0
13349,38,1,0,no matter,0,1950,0,0,0,1,0,Juni,1,1,1,1,1,1
12207,90,3,0,top,0,3000,0,0,0,1,0,Now,1,1,0,0,0,0
10407,0,0,0,no matter,0,1800,0,0,0,1,0,Now,0,0,0,0,0,0
12051,80,4,0,no matter,0,3600,0,0,0,1,0,Now,1,1,0,0,0,0
12049,40,1,0,no matter,0,2400,0,0,0,2,0,Now,0,0,0,0,0,0
12047,70,3,0,no matter,0,3300,0,0,0,3,0,Now,0,0,0,0,0,0
12347,85,4,0,no matter,0,3600,0,0,0,2,0,Now,0,0,0,0,0,0
13347,38,1,0,no matter,0,1800,0,0,0,1,0,Now,1,0,0,0,0,0
10961,70,3,0,2,0,2400,0,0,0,1,0,Mai,1,1,0,0,0,0
10409,0,0,0,no matter,0,1800,0,0,0,1,0,Now,0,0,0,0,0,0
12051,90,3,0,no matter,0,2850,0,0,0,2,0,Now,0,0,0,0,0,0
10245,20,1,0,top,0,1650,0,0,0,1,0,Mai,0,0,0,0,0,0
12349,0,1,0,no matter,0,1800,0,0,0,1,0,Mai,0,0,0,0,0,0
13187,120,5,0,no matter,0,4200,0,0,0,3,0,Now,1,1,0,0,0,0
10249,112,4,0,no matter,0,4200,0,0,0,1,0,Now,0,0,0,0,0,0
13357,77,1,0,no matter,0,1800,0,0,0,2,0,Now,0,0,0,0,1,0
10961,35,1,0,no matter,0,1800,0,0,0,1,0,Juli,0,0,0,0,0,0
10997,30,1,0,no matter,0,1500,0,0,0,1,0,Juni,1,1,0,0,0,0
13053,100,1,0,no matter,0,1800,0,0,0,2,0,Now,0,0,0,0,0,0
10117,60,2,0,no matter,0,2400,0,0,0,2,0,Now,0,0,0,0,0,0
10825,69,2,0,no matter,0,2400,0,0,0,3,0,Now,0,0,1,0,1,0
12309,75,3,0,no matter,0,2850,0,0,0,2,0,Juni,1,1,0,0,0,0
10437,50,2,0,no matter,0,1800,0,0,0,1,0,Now,0,0,0,0,0,0
12347,0,1,0,no matter,0,1800,0,0,0,1,0,Now,0,0,0,0,0,0
12047,65,3,0,no matter,0,3000,0,0,0,1,0,Now,0,1,0,0,0,0
10115,80,2,0,no matter,0,2400,0,0,0,2,0,Now,1,1,0,0,0,0
13089,0,0,0,no matter,0,1800,0,0,0,2,0,Now,0,0,1,0,0,0
10435,70,2,0,top,0,2400,0,0,0,2,0,Now,1,1,0,0,0,0
12109,65,2,0,no matter,0,2400,0,0,0,1,0,Now,0,0,0,0,0,0
14129,80,3,0,no matter,0,3000,0,0,0,2,0,Now,0,1,0,0,0,0
10117,40,1,0,no matter,0,1950,0,0,0,1,0,Now,0,0,0,0,0,0
10623,50,2,0,no matter,0,3900,0,0,0,1,0,September,0,0,0,1,1,0
10437,31,1,0,0,0,1800,0,0,0,2,0,Juni,0,0,0,0,0,0
10315,30,1,0,no matter,0,1800,0,0,0,2,0,Juni,0,0,0,0,0,0
12059,70,3,0,no matter,0,3000,0,0,0,2,0,Now,0,0,0,0,0,0
12347,50,2,0,2,0,1500,0,0,0,1,0,Juni,1,1,1,1,1,1
13629,50,1,0,no matter,0,1800,0,0,0,1,0,Now,1,1,0,0,0,0
12209,50,2,0,no matter,0,2400,0,0,0,1,0,Mai,0,1,1,0,0,0
12049,30,2,0,no matter,0,2400,0,0,0,1,0,Now,0,0,1,0,1,0
13357,40,2,0,no matter,0,2400,0,0,0,1,1,Now,1,1,0,0,0,0
10967,70,3,0,no matter,0,3000,0,0,0,2,0,Now,0,0,0,0,0,0
13507,30,2,0,no matter,0,1500,0,0,0,2,0,Now,0,0,0,0,0,0
10789,20,1,0,no matter,0,1800,0,0,0,1,0,Now,0,0,0,0,0,0
14057,90,1,0,no matter,0,1800,0,0,0,2,0,Now,0,0,0,0,0,0
10997,70,3,0,no matter,0,3000,0,0,0,2,0,Now,0,0,0,0,1,1
10119,80,3,0,1,0,3000,0,0,0,2,0,August,0,0,1,1,0,0
13409,72,2,0,2,0,2400,0,0,0,1,0,Juni,1,1,0,0,0,0
12105,50,2,0,no matter,0,2400,0,0,0,1,0,Now,0,0,0,0,0,0
13469,60,2,0,no matter,0,2400,0,0,0,1,0,Now,0,0,0,0,0,0
12349,60,2,0,no matter,0,3300,0,0,0,3,0,Now,1,1,0,0,0,0
10245,50,2,0,no matter,0,2400,0,0,0,1,0,Mai,1,1,1,0,1,1
14129,75,2,0,2,0,2400,0,0,0,1,1,Now,0,1,0,0,0,0
10243,20,1,0,no matter,0,1800,0,0,0,1,1,Now,0,0,0,0,0,0
10629,60,2,0,no matter,0,2400,0,0,0,3,1,Now,0,0,0,0,0,0
12159,100,4,0,no matter,0,4200,0,0,0,3,0,Now,0,0,0,0,0,0
10179,70,1,0,no matter,0,1800,0,0,0,1,0,Now,0,0,0,0,0,0
13583,50,2,0,no matter,0,1950,0,0,0,2,0,Now,1,1,0,0,0,0
12057,100,5,0,no matter,0,4200,0,0,0,1,0,Now,0,0,0,0,0,0
13599,70,2,0,no matter,0,2400,0,0,0,3,0,Now,1,1,0,0,0,0
10317,25,1,0,no matter,0,1050,0,0,0,2,0,Mai,0,0,0,0,0,0
12051,80,4,0,no matter,0,3900,0,0,0,2,0,Now,0,0,1,0,0,0
12167,60,3,0,no matter,0,2100,0,0,0,2,0,August,1,1,1,1,1,1